filename,hr,far
sun_ayihfuzahssucyil.jpg,0.825,0.075
sun_bikztnigwprwxiuh.jpg,0.553,0.079
sun_ahtnbgrreqwkkxnm.jpg,0.730,0.054
sun_axegrdryxqiyspkt.jpg,0.789,0.184
sun_ancpkslxayprvaca.jpg,0.757,0.189
sun_bigyxzywedqubgag.jpg,0.711,0.211
sun_bzhqimodkrztuesl.jpg,0.730,0.135
sun_aoqwombgldnywbra.jpg,0.846,0.051
sun_accaowdaexrvafyv.jpg,0.865,0.054
sun_bbfuacabitqgmxxs.jpg,0.703,0.108
sun_aekkpgmlezmxibyn.jpg,0.641,0.077
sun_ahvmneulgayfmkqm.jpg,0.816,0.105
sun_bkxyanllkozemvhv.jpg,0.784,0.216
sun_aaidvipstxyltxqd.jpg,0.825,0.075
sun_dldmtyxqjuiaanzl.jpg,0.829,0.073
sun_adkwgskvzokptiai.jpg,0.842,0.132
sun_adsnqcjlhnnjrqvg.jpg,0.684,0.158
sun_aafoawnznbtggclj.jpg,0.973,0.108
sun_angdvozpymblmrly.jpg,0.868,0.316
sun_aeubmrlycugryfvn.jpg,0.667,0.077
sun_asrjlmglmjzbmqxb.jpg,0.829,0.073
sun_aojcypmyhpzqydef.jpg,0.795,0.205
sun_aflnzszbqyhyxfte.jpg,0.725,0.100
sun_bxukzskvvxinzshe.jpg,0.658,0.211
sun_dawtdtczjouayzyd.jpg,0.732,0.098
sun_aahzhbejnioegptd.jpg,0.657,0.086
sun_atstrpjxhvtbaczf.jpg,0.632,0.053
sun_aefgzwiramypjvtd.jpg,0.625,0.050
sun_bhrvjlwmdttbfjcg.jpg,0.947,0.105
sun_adjfettzrvebmjqu.jpg,0.744,0.077
sun_aaxbwyppauhuccba.jpg,0.769,0.128
sun_ahogmncovkvrgsgp.jpg,0.895,0.079
sun_dihpnxunzdojgnjt.jpg,0.725,0.100
sun_aacohcifzpwcqsao.jpg,0.868,0.132
sun_akmbefjpoqjhiyhs.jpg,0.838,0.108
sun_akhnpwzidfjweqxu.jpg,0.611,0.056
sun_apuhozylzyhqllnp.jpg,0.750,0.050
sun_bczoaoqqstdjuejc.jpg,0.649,0.135
sun_aaexsqstopvlczqa.jpg,0.775,0.075
sun_acbepshmjrchgmyc.jpg,0.684,0.053
sun_aajtnvzzpsjdzres.jpg,0.658,0.184
sun_aabeeufygtjcsego.jpg,0.579,0.053
sun_azulexvkyktnkist.jpg,0.650,0.050
sun_abesmgctdzxcmifv.jpg,0.850,0.100
sun_afidjnfotshcgxal.jpg,0.872,0.154
sun_agvwnkpazpluqckf.jpg,0.694,0.139
sun_akoxxoschynueihc.jpg,0.632,0.079
sun_adbjjqygdqhqvrro.jpg,0.846,0.077
sun_avzoanrcqyudcsbe.jpg,0.806,0.139
sun_baijhkfdjxukgawq.jpg,0.757,0.189
sun_adtlxenqqxsyjvix.jpg,0.615,0.128
sun_bvzmgrdvaakxusbu.jpg,0.892,0.081
sun_bbxkanhzjgbwyxqs.jpg,0.811,0.297
sun_bjdsryrxcbzwgutl.jpg,0.744,0.128
sun_abeymlrfgckenfyk.jpg,0.897,0.026
sun_abdhwirkkusalmnk.jpg,0.676,0.000
sun_axxmrhvsytibopny.jpg,0.821,0.103
sun_ayreleyzwtyxzfsh.jpg,0.775,0.225
sun_agtjwilqjvxohypn.jpg,0.868,0.158
sun_avriowbeuhkbnzuy.jpg,0.605,0.053
sun_aaugedpmgmtvspwc.jpg,0.585,0.171
sun_boxowlegplpgysrk.jpg,0.789,0.184
sun_agvasxgzxgtzgtoz.jpg,0.872,0.179
sun_aiozbitpjdukxooq.jpg,0.692,0.154
sun_aeadmuesqufegjxa.jpg,0.900,0.025
sun_aumewewcuedirhni.jpg,0.816,0.263
sun_ameytrfocpmukwsw.jpg,0.641,0.077
sun_agcwfjewfhyejfax.jpg,0.811,0.027
sun_agvprlbprarvgdvj.jpg,0.860,0.116
sun_bafdhgtqzikmxoll.jpg,0.615,0.179
sun_aptrqvaooxfvktvw.jpg,0.718,0.026
sun_abixwcwfbgjffvzg.jpg,0.750,0.150
sun_awjcipnjtpkdqhfw.jpg,0.821,0.103
sun_bfzchmomnvzhbxdg.jpg,0.769,0.282
sun_bdkaetdljilzszda.jpg,0.718,0.051
sun_aypfboqxsogsqrfw.jpg,0.889,0.306
sun_aaeudvsvdzfwnflr.jpg,0.889,0.111
sun_bahhtqpxnzfjopgt.jpg,0.875,0.100
sun_aacaqgxndqtrtrxm.jpg,0.763,0.053
sun_agwzdbtlixdhgolm.jpg,0.842,0.105
sun_azqdrfiissgshbwi.jpg,0.811,0.162
sun_aasjlkqrfdcvegal.jpg,0.605,0.053
sun_acixkcjygczyhbxu.jpg,0.658,0.053
sun_abcctawbnkyvdjtb.jpg,0.816,0.026
sun_beqwrpfqrplswxok.jpg,0.737,0.079
sun_aokndiuevbwvfvdj.jpg,0.861,0.083
sun_ahzzktdsjbeosrow.jpg,0.789,0.079
sun_ayjuxjkfkpnluafy.jpg,0.784,0.108
sun_bdlknmcgnykotycm.jpg,0.816,0.026
sun_aaocevowsirlluji.jpg,0.800,0.175
sun_adzuvtmtmgupotmf.jpg,0.805,0.195
sun_bgoxzmnsyutwuujz.jpg,0.861,0.056
sun_aamrfepkhweyewue.jpg,0.780,0.122
sun_briokkehlkxfvgiv.jpg,0.632,0.184
sun_aduycgqnxhaukqbx.jpg,0.789,0.105
sun_bjfaihzkujoexzqp.jpg,0.800,0.225
sun_aofmgqraukdcggkl.jpg,0.900,0.300
sun_aafgqutfaishsxyu.jpg,0.784,0.324
sun_accdtpgenvcbcbcf.jpg,0.816,0.105
sun_ayybokxbxyumocrh.jpg,0.892,0.132
sun_apuhgadxtejrtcde.jpg,0.737,0.184
sun_bcalxhzlrvzugstp.jpg,0.800,0.086
sun_bnxkkjeodlvmhkyz.jpg,0.750,0.225
sun_aegfzrofaaqmxewm.jpg,0.763,0.079
sun_axhlwakhlxkgjlos.jpg,0.686,0.200
sun_aatpeezlljqaxlhj.jpg,0.789,0.263
sun_acgrtqjryyrrpuug.jpg,0.850,0.100
sun_amqxwobualsmatum.jpg,0.800,0.150
sun_batjesvdupctftmn.jpg,0.700,0.125
sun_aanlwnpqndclffxt.jpg,0.676,0.108
sun_aclhrxelrqbxootb.jpg,0.789,0.079
sun_arfxqhzjfkoxkkvv.jpg,0.553,0.079
sun_alfiyxrzexmyotpv.jpg,0.900,0.250
sun_bcuidmevbtzvnivj.jpg,0.658,0.077
sun_adflbrkckmepztql.jpg,0.795,0.128
sun_adchxphwsnqnicbz.jpg,0.816,0.105
sun_aacihdklmgtjytnz.jpg,0.821,0.051
sun_arllmrjljhvexskj.jpg,0.756,0.098
sun_aeutbrtswvsozxyk.jpg,0.784,0.108
sun_bkuxkjputgtmhyrm.jpg,0.838,0.189
sun_amkmeblgteyggink.jpg,0.775,0.175
sun_abxsbfwjccqxxzxq.jpg,0.872,0.154
sun_bkawgytrikgprdly.jpg,0.872,0.103
sun_aavodbcpygkggnfp.jpg,0.806,0.083
sun_afowswglhxcsufpo.jpg,0.703,0.162
sun_bhauzbmansusqzgl.jpg,0.795,0.333
sun_cypgnrlyrjjpxvsn.jpg,0.829,0.049
sun_acvjlsylseoghjup.jpg,0.846,0.179
sun_aevretbfkrjpewrb.jpg,0.769,0.051
sun_abzhoibrmlscelyi.jpg,0.850,0.050
sun_aeeiqivxcezzqeie.jpg,0.718,0.128
sun_atjwvxlhhntnhgsz.jpg,0.650,0.125
sun_anrnafgljcjfvpyp.jpg,0.895,0.105
sun_ahhxzwuvsmgtaokl.jpg,0.784,0.081
sun_bbumgeoistpsjlon.jpg,0.850,0.075
sun_bagupwouqgvhzcns.jpg,0.700,0.250
sun_acatgprnotzemtud.jpg,0.667,0.077
sun_ajjxttslobudoqbv.jpg,0.821,0.154
sun_ankbihpzdlhpnmvp.jpg,0.821,0.231
sun_akmnfgklupjijsgf.jpg,0.744,0.179
sun_acyfbgrqeyawwjlr.jpg,0.816,0.316
sun_byxpqgmivjhpfvbc.jpg,0.703,0.162
sun_ajrujcsdxmfbssmc.jpg,0.600,0.057
sun_aaharigduizxcour.jpg,0.800,0.100
sun_alkiibhqpxfamlll.jpg,0.744,0.077
sun_aafumhebwwczapva.jpg,0.711,0.158
sun_bxarcshsnqsefemx.jpg,0.846,0.205
sun_azycdwrokuvigvxr.jpg,0.763,0.184
sun_bctxlkkwndfejjod.jpg,0.692,0.256
sun_ahqwbxrsvckaduyp.jpg,0.972,0.083
sun_cpxwvvdsnvztskpy.jpg,0.806,0.222
sun_aaekubvghangvhpu.jpg,0.895,0.053
sun_altqwrzgdqdfafac.jpg,0.683,0.146
sun_afphwetorblyhseo.jpg,0.694,0.056
sun_aqmluxhtvnqhghqb.jpg,0.775,0.075
sun_adqdtdtzyjgjyhaa.jpg,0.765,0.059
sun_bawwifxevgupacfh.jpg,0.825,0.225
sun_aatuebigubtexnvb.jpg,0.625,0.125
sun_ahdcddxgbeujmura.jpg,0.789,0.158
sun_akvhimoqrqyvbrsf.jpg,0.763,0.079
sun_dghkdzlbgcwaoabl.jpg,0.833,0.139
sun_bhwugxdwvldcesmn.jpg,0.526,0.026
sun_abwjvmoaddlyxfjr.jpg,0.757,0.054
sun_aecpkgfewqqreqwe.jpg,0.700,0.175
sun_bwndmpcjznlkckzt.jpg,0.667,0.051
sun_aabanidndzlauqph.jpg,0.947,0.053
sun_akezkfjmyzlihbje.jpg,0.846,0.154
sun_apvlzwyhyldkxkod.jpg,0.750,0.125
sun_barnowbohcejqgzi.jpg,0.949,0.000
sun_aanqeuahptujnxib.jpg,0.947,0.105
sun_bbrsyyvweiuaazfr.jpg,0.711,0.211
sun_aacohnpwcrythslq.jpg,0.600,0.125
sun_acduarbnmmoglmiv.jpg,0.850,0.175
sun_amuqnfacyhadbfpz.jpg,0.775,0.025
sun_azldutcmhklwsaag.jpg,0.579,0.132
sun_bglpvuqygogrgnaw.jpg,0.610,0.049
sun_abrkvhnqbvsupzwv.jpg,0.789,0.053
sun_abuvcuombixjcybc.jpg,0.789,0.053
sun_baebzlbdxqwvpfou.jpg,0.718,0.000
sun_bondbduabvijnmch.jpg,0.692,0.128
sun_ajbwkywmsqkldfml.jpg,0.923,0.077
sun_bzchwfwrobmpjpnk.jpg,0.850,0.075
sun_afacolzyuxilypsr.jpg,0.872,0.282
sun_amjfwzofuvvlnqyz.jpg,0.744,0.103
sun_ajinclvbcugoesdf.jpg,0.825,0.150
sun_bqqvtwsncvxqufue.jpg,0.838,0.216
sun_brfqvhzbovrtqsqf.jpg,0.711,0.053
sun_aahzooisqkwlxwoz.jpg,0.875,0.150
sun_aalweluivjuhondl.jpg,0.846,0.103
sun_antryfbloeaomfta.jpg,0.711,0.132
sun_abgrnhvkkekewjnd.jpg,0.842,0.105
sun_akwxpxplpqtcovof.jpg,0.622,0.054
sun_anmrwbmvryrtrsji.jpg,0.947,0.158
sun_bevitxnlfjzhdnti.jpg,0.795,0.077
sun_abjzyxcjnmztdonj.jpg,0.703,0.027
sun_awiefnxcasuhllpb.jpg,0.750,0.028
sun_adzvpitwlmawmnuw.jpg,0.784,0.108
sun_bfjfuddzfboarscv.jpg,0.775,0.250
sun_aiplolttozlejdjj.jpg,0.878,0.146
sun_abrttewmeuzncbwt.jpg,0.800,0.075
sun_aopfawmejtfhzlpd.jpg,0.730,0.081
sun_aghikyoehjdlqurt.jpg,0.846,0.051
sun_agpjzsbltchlwvou.jpg,0.865,0.054
sun_aaueftefgycshjpv.jpg,0.795,0.179
sun_agvjurcwdbixvnyi.jpg,0.846,0.282
sun_bkosqprntspedovp.jpg,0.622,0.081
sun_buyhxadizfujolki.jpg,0.838,0.054
sun_anyqdhcglaxwtuql.jpg,0.771,0.029
sun_aivflshbyfrfzhqb.jpg,0.763,0.158
sun_aafqqukvvlfayqjc.jpg,0.811,0.054
sun_bynvfkjnmjhuofrn.jpg,0.865,0.054
sun_aaelaighsiqctwmo.jpg,0.684,0.053
sun_bflxwpbevfzyspmt.jpg,0.842,0.184
sun_bnvfxhuvmfsrfuzi.jpg,0.895,0.026
sun_azkcgugtqfaunxwq.jpg,0.718,0.231
sun_biheutdgogkujwri.jpg,0.846,0.000
sun_bdkdgqrbqwrdmtrx.jpg,0.806,0.139
sun_bgklxeqjhdbyfhhy.jpg,0.789,0.158
sun_aejlvzggmfkuttxv.jpg,0.757,0.162
sun_aavtbadenwnzeutj.jpg,0.795,0.051
sun_brojwhixiilpfnqh.jpg,0.658,0.079
sun_adceflzmuxwamfsq.jpg,0.838,0.243
sun_aazzyhbvqjpmazjq.jpg,0.763,0.132
sun_bblhfnavfltnhtyd.jpg,0.722,0.108
sun_dnneiliimwlvmwkq.jpg,0.750,0.100
sun_bmkycmnqjqwgipya.jpg,0.811,0.237
sun_aifxsukhvfnvgbpw.jpg,0.795,0.231
sun_apydkojmqtbiwkpg.jpg,0.634,0.146
sun_besrwkdsffeogeqq.jpg,0.757,0.081
sun_ajxljrtmgrlvtzin.jpg,0.902,0.073
sun_afawynfrdrmprivi.jpg,0.711,0.211
sun_aerrvwxdmssuiqen.jpg,0.805,0.146
sun_bcyiwhsbcwlotybd.jpg,0.692,0.179
sun_aeramsboznllotgi.jpg,0.744,0.308
sun_abddamcahotovfkc.jpg,0.650,0.125
sun_acojhtjciuciuhey.jpg,0.744,0.077
sun_abxolgvxrxwfepyo.jpg,0.829,0.049
sun_alfhnzufhcnnrqts.jpg,0.892,0.108
sun_ciuexjuasoqmnysa.jpg,0.769,0.154
sun_aetydippjxikifsb.jpg,0.744,0.205
sun_agxzwnlzcwxobokm.jpg,0.838,0.108
sun_btpqmozvkodusjob.jpg,0.872,0.154
sun_abixrnktztufvvuv.jpg,0.769,0.282
sun_aaocoxapxupdreos.jpg,0.667,0.154
sun_adpnqovzckyikrjo.jpg,0.667,0.167
sun_aznuabtonobiicvy.jpg,0.897,0.154
sun_aabrrphlxidqlcgt.jpg,0.795,0.103
sun_cpkytqkmctbitxap.jpg,0.487,0.077
sun_adziakdrcszuyget.jpg,0.650,0.050
sun_aasdufdzroddfmmw.jpg,0.694,0.194
sun_cnkvbhypnivcohyx.jpg,0.711,0.158
sun_ajjjlskmffhhmbgn.jpg,0.784,0.081
sun_djtlzbxtdjakszku.jpg,0.795,0.026
sun_aathwbmlobsaswup.jpg,0.737,0.158
sun_aezcudszfmxadhak.jpg,0.784,0.081
sun_aiwfobocrruqznsv.jpg,0.800,0.075
sun_aayehfdqcyxggsej.jpg,0.897,0.205
sun_aiztyulbpkehylgv.jpg,0.921,0.263
sun_anainkqdvktzoxyl.jpg,0.550,0.100
sun_blwoxxkzvuagzebi.jpg,0.732,0.146
sun_aekhbepmvfmrzbqk.jpg,0.775,0.150
sun_bbhqyyzmsxhsbjmp.jpg,0.667,0.000
sun_adnjjzohjhbohlwq.jpg,0.737,0.158
sun_amozwoeawakfacev.jpg,0.718,0.179
sun_ahqnhfzvfaoccmxi.jpg,0.789,0.026
sun_aeoghzrjarigmwua.jpg,0.667,0.154
sun_apuexfnivftflwil.jpg,0.730,0.054
sun_adaiyzrecoccvioc.jpg,0.667,0.077
sun_alxscwwtjstlvwee.jpg,0.897,0.179
sun_baxteygyigqyqzum.jpg,0.789,0.316
sun_bjmyqurszsgdcrme.jpg,0.850,0.025
sun_aamypliqkzaljukx.jpg,0.744,0.051
sun_auuxrjrlhtajcpzh.jpg,0.897,0.051
sun_ahbvlpavurqoxdeq.jpg,0.632,0.053
sun_aomthybcatswfxtj.jpg,0.800,0.125
sun_bbnllsagzfltnvym.jpg,0.718,0.100
sun_bdszixwbpkeyttyo.jpg,1.000,0.200
sun_aaapjusaqihskred.jpg,0.632,0.105
sun_aaaenaoynzhoyheo.jpg,0.667,0.231
sun_bghgzswibfkpqunw.jpg,0.692,0.154
sun_asssizmsssfovgzv.jpg,0.568,0.081
sun_aargkmclqysoscjq.jpg,0.875,0.100
sun_dugryslmugwwuveo.jpg,0.615,0.026
sun_afijrvucfyytejta.jpg,0.769,0.077
sun_adoxcchtmsxewsau.jpg,0.816,0.053
sun_aosorqisdqqcyqec.jpg,0.780,0.098
sun_abjnqdnematabmix.jpg,0.895,0.053
sun_ahpaxjfyrjpjtwsj.jpg,0.868,0.053
sun_dkpwjnriinnlflyw.jpg,0.579,0.132
sun_atjhxoliruxsdbpq.jpg,0.784,0.162
sun_aamsdyakblkfoydx.jpg,0.811,0.135
sun_brclxjghkathdgrn.jpg,0.737,0.026
sun_bgnvpnncvwdceckh.jpg,0.632,0.184
sun_acfdkbsrughwqwtt.jpg,0.725,0.075
sun_ajkllkqxlkkdgiqu.jpg,0.784,0.054
sun_aogfdsrwulwkqyjo.jpg,0.641,0.077
sun_arfdklgdnjgeqfjg.jpg,0.789,0.053
sun_aafynehyrzpsoaml.jpg,0.889,0.167
sun_afhmnhsdurlvddpw.jpg,0.700,0.100
sun_abqbsmgditgnubpq.jpg,0.821,0.026
sun_aaigjczwiotsluie.jpg,0.658,0.079
sun_adbdqzigzwipuipr.jpg,0.615,0.077
sun_adoxcdoszqyemocl.jpg,0.821,0.103
sun_bwgptjlbeyfpfclu.jpg,0.629,0.143
sun_alqmfgeadpqsyzpd.jpg,0.568,0.189
sun_argbvpebdmwnxtsj.jpg,0.676,0.081
sun_abxhnpevjjmblggl.jpg,0.925,0.075
sun_aedtgwjvvziytspa.jpg,0.795,0.128
sun_aacwvaferwhcpeqg.jpg,0.829,0.098
sun_borvsfevadmxtxtg.jpg,0.800,0.050
sun_aazckhzcmrbtgwdw.jpg,0.744,0.282
sun_agpancjmxqfazssf.jpg,0.675,0.100
sun_aatczyehoveeebrr.jpg,0.789,0.079
sun_bakauudjwtpqyivy.jpg,0.684,0.132
sun_bmyvejsxsqxrdsri.jpg,0.795,0.128
sun_ahcvzmoyaycdoftf.jpg,0.780,0.171
sun_avqunfgcvwvpixql.jpg,0.526,0.158
sun_afegheipzyojmtue.jpg,0.795,0.077
sun_ajnrgjkaialckcxj.jpg,0.775,0.375
sun_aaehaikpckyjsety.jpg,0.923,0.077
sun_aqqxqiqzvzlaxoit.jpg,0.825,0.050
sun_aaoyrlmubtjccuxr.jpg,0.805,0.146
sun_dnyjdccodfypljru.jpg,0.769,0.051
sun_abizydfotqddlnjp.jpg,0.657,0.029
sun_auxzrfhisblgqlzc.jpg,0.825,0.000
sun_bggditxsglyqgqsk.jpg,0.641,0.154
sun_aamqfavghxuxhyig.jpg,0.923,0.077
sun_aopnqrllskmdjbqw.jpg,0.737,0.105
sun_aqcahnjaxcddpdlc.jpg,0.737,0.132
sun_cewpfwjiyaqsjgod.jpg,0.756,0.073
sun_aadakyricvbjhamx.jpg,0.795,0.026
sun_ajawzbrlrwafowen.jpg,0.703,0.135
sun_awbahokijptequdk.jpg,0.756,0.220
sun_ajvxquzriahvfqai.jpg,0.923,0.103
sun_bnvktkxjwtcripcc.jpg,0.892,0.135
sun_abckqabszusgcykj.jpg,0.846,0.000
sun_ajvahyfmbtmnphik.jpg,0.795,0.154
sun_bcucymgdqtifmlwu.jpg,0.897,0.103
sun_abmtdqmsjdxdjvio.jpg,0.718,0.077
sun_aosrabxnyiseieif.jpg,0.649,0.297
sun_aajunfoiykhrcwmw.jpg,0.743,0.114
sun_aifknzxvrfofmchj.jpg,0.650,0.075
sun_aafjspwtukuiwleb.jpg,0.949,0.154
sun_aabmsszqxzdggeyt.jpg,0.811,0.027
sun_bgchyfcyekibzsii.jpg,0.750,0.083
sun_afjpfomkltxlgdqw.jpg,0.757,0.135
sun_aakmxzhuceuiryah.jpg,0.795,0.128
sun_bgmdvxqllxqlelfz.jpg,0.707,0.098
sun_aivdjruhkrfywfed.jpg,0.692,0.051
sun_afftugomdmhkmiln.jpg,0.676,0.176
sun_bbrwcqjalnwlquqn.jpg,0.842,0.053
sun_aaacnosloariecpa.jpg,0.775,0.175
sun_acbeefkxpymwevpk.jpg,0.789,0.026
sun_bwyuesflwdpqtgoy.jpg,0.923,0.128
sun_adejutpzdjxshgga.jpg,0.744,0.103
sun_annxtveexrcxotub.jpg,0.825,0.150
sun_aasftqkoqshqnfpa.jpg,0.550,0.075
sun_actgifziugsipegp.jpg,0.872,0.231
sun_bprywzqxjcezkbch.jpg,0.711,0.105
sun_abxsuqbleluwczoy.jpg,0.659,0.171
sun_aadteoxcyfrarcuy.jpg,0.861,0.083
sun_anypyuptfjtewgrq.jpg,0.732,0.098
sun_aqyylsngywqzwfmx.jpg,0.711,0.128
sun_aakxjfbrrequcjmx.jpg,0.757,0.243
sun_aafvitpexrpvumsa.jpg,0.757,0.108
sun_aismwztcmdyhphdl.jpg,0.842,0.000
sun_aaiypczsdyaelmjj.jpg,0.763,0.184
sun_abueyoajufbkraki.jpg,0.846,0.000
sun_adfndyrtqqiasoig.jpg,0.737,0.105
sun_alkxrmtwzrneckcc.jpg,0.800,0.400
sun_agufzbeteqdjxais.jpg,0.757,0.243
sun_ajdofftheuhszftu.jpg,0.816,0.105
sun_akmoxcinyczqmjvo.jpg,0.725,0.050
sun_bblyfmtduutqudse.jpg,0.632,0.053
sun_buaiuprrcarxvsgz.jpg,0.758,0.091
sun_bjtebwgnadgojerq.jpg,0.789,0.105
sun_ardqpmhecbflzxvx.jpg,0.900,0.175
sun_aaubkhffrbblvibh.jpg,0.718,0.051
sun_aaikdhfnjkoqfffk.jpg,0.780,0.098
sun_aeywwpwjqihbcskr.jpg,0.842,0.079
sun_aaqmvrfaxrppdgsv.jpg,0.763,0.026
sun_bcnnwzitahpeirun.jpg,0.805,0.049
sun_afdldrlbdhzdqwnr.jpg,0.902,0.049
sun_aapfaivxqoynnwwp.jpg,0.974,0.105
sun_bjvaefhrdwihkbmo.jpg,0.641,0.026
sun_aaoofjouvpkrtawq.jpg,0.821,0.308
sun_aajqmsaavkmgbsth.jpg,0.730,0.135
sun_awhdpalqmyvaxnyt.jpg,0.919,0.081
sun_bhdoiswxwuwvldya.jpg,0.756,0.146
sun_dlhtwrrjxkvwyaje.jpg,0.784,0.135
sun_axxhjvrtltsetiek.jpg,0.875,0.175
sun_acvzhvcksnwqcqbw.jpg,0.714,0.114
sun_bxsyfomlauzdcezg.jpg,0.694,0.139
sun_behyjikwxafhrufi.jpg,0.763,0.184
sun_bpuqqeyxzhjmdtaj.jpg,0.821,0.026
sun_aavjinpnkappuonm.jpg,0.659,0.220
sun_bmdatjlblfopdipj.jpg,0.692,0.000
sun_bgtdpxdxienhqxqv.jpg,0.829,0.086
sun_aqhmwlvceimogicf.jpg,0.750,0.150
sun_bpimwgsuukmwutxi.jpg,0.750,0.100
sun_acymrjjhlkncvpuo.jpg,0.795,0.051
sun_algvrapnatkyayzb.jpg,0.902,0.098
sun_aatystcemyrbqlrp.jpg,0.615,0.051
sun_apqkyghktgtosuuk.jpg,0.676,0.081
sun_abjuovqvyfuzvqwt.jpg,0.789,0.053
sun_borelfqctccxnomt.jpg,0.854,0.268
sun_btpilbhhbmhmeuzq.jpg,0.811,0.027
sun_bhjqmotjrziblimw.jpg,0.763,0.105
sun_agadlzxvdoecalhw.jpg,0.769,0.077
sun_aaiuslbctdhhglcp.jpg,0.564,0.103
sun_aiyzgwctitbyjyzc.jpg,0.814,0.186
sun_ardckbtfxfnimhdh.jpg,0.744,0.103
sun_apbbuogftaazbqjd.jpg,0.800,0.125
sun_aaiymtunxanscezl.jpg,0.917,0.083
sun_awllhhsaykxhyntn.jpg,0.692,0.051
sun_abrwnslxalcohfre.jpg,0.806,0.083
sun_asppejhsplpizvag.jpg,0.795,0.103
sun_awnhgqbxdcyrgqvn.jpg,0.675,0.075
sun_apwjkcxdaeqehfql.jpg,0.821,0.154
sun_aaxlornfqaorlumf.jpg,0.700,0.000
sun_ardfbgmuenqxdraz.jpg,0.897,0.128
sun_aacmaxjsazeyhcxg.jpg,0.769,0.026
sun_ahsdsixdzoaeqgrh.jpg,0.865,0.189
sun_acpisjdrnwtskthu.jpg,0.763,0.105
sun_acnvltitzjpghvuq.jpg,0.684,0.053
sun_adrhzuamfdbpxfma.jpg,0.921,0.105
sun_btwulfxhyuvapujt.jpg,0.865,0.189
sun_alkgoyxueywbswxh.jpg,0.718,0.026
sun_aipyohrqlwngaqif.jpg,0.872,0.000
sun_admdlkpsznknrcqi.jpg,0.925,0.150
sun_atexgocdrzctlxjm.jpg,0.703,0.081
sun_baxmabdllxcaczxc.jpg,0.737,0.158
sun_alxrleowstiyjcqj.jpg,0.806,0.111
sun_btbzqxmvyzlrnccn.jpg,0.676,0.054
sun_bzftrnkjyjxjigld.jpg,0.854,0.098
sun_acdjmzsyobfqhvbm.jpg,0.757,0.135
sun_bpftskgnuujlzxtf.jpg,0.571,0.143
sun_bimpvflpdjyzxipl.jpg,0.825,0.075
sun_bkmxrgnoxhznisgt.jpg,0.795,0.051
sun_cyysrlyalohhrztr.jpg,0.711,0.105
sun_bxatqhcgyeqscook.jpg,0.667,0.103
sun_ahmzdhknndifcccs.jpg,0.825,0.150
sun_asoxyrtkoacuuszx.jpg,0.789,0.184
sun_azzvbegxtfxrnaqh.jpg,0.895,0.026
sun_ahxpmohdpqnzfkhy.jpg,0.865,0.081
sun_aafygdlayejszdqv.jpg,0.854,0.146
sun_ahqldjibofgsfdgb.jpg,0.757,0.081
sun_axcnxoxgokvumtpy.jpg,0.897,0.103
sun_adwmqunsgktrqjyn.jpg,0.763,0.158
sun_begaqriykgpevrkl.jpg,0.707,0.098
sun_aangbuylfvckqqoo.jpg,0.763,0.132
sun_abwmcbaxwioksdgw.jpg,0.795,0.179
sun_atzxsbbmhagmxuiw.jpg,0.730,0.108
sun_arujnkfqgbyzvwkf.jpg,0.769,0.077
sun_aftxlgllkkksntox.jpg,0.605,0.263
sun_aaekxzjzrfgtkwjf.jpg,0.857,0.086
sun_aafbmtoniaasysgu.jpg,0.744,0.026
sun_ayvovrnyqifwpkez.jpg,0.846,0.154
sun_dumkdlbrxmbuzpmh.jpg,0.732,0.024
sun_aytbylchnkbcwerw.jpg,0.585,0.024
sun_bazcvihwpehgvvok.jpg,0.775,0.150
sun_aaqctefgupyamfra.jpg,0.590,0.154
sun_agzaymprwdejrbly.jpg,0.872,0.077
sun_aynkcdazyyupyjsp.jpg,0.795,0.103
sun_ahubatgwvijcifup.jpg,0.833,0.111
sun_adtkbfsiwxpieisg.jpg,0.575,0.200
sun_bbocankvbtvjhbll.jpg,0.923,0.077
sun_abgfhvifeijihhjw.jpg,0.750,0.050
sun_aahanthaveptbcbb.jpg,0.763,0.053
sun_amtyrwzmrcefvzuc.jpg,0.789,0.079
sun_agbemfjhpftaihqc.jpg,0.892,0.054
sun_aaoaojuzyjotwtdw.jpg,0.775,0.175
sun_airhykfiwcmscwcl.jpg,0.657,0.114
sun_bctlcdkabzhkhdlz.jpg,0.865,0.395
sun_bhsirvbzddqizrxd.jpg,0.833,0.111
sun_aathajvxrgptwhoj.jpg,0.825,0.125
sun_avspxmxubqaeidjt.jpg,0.811,0.135
sun_dhlxosyghpikgbef.jpg,0.694,0.083
sun_aavmorhpnsdfuxrp.jpg,0.816,0.263
sun_bipqeqxnyqywgnqw.jpg,0.632,0.158
sun_bvshjanpczrfovde.jpg,0.921,0.079
sun_adyagbrcxpbkwesl.jpg,0.895,0.132
sun_bskxkhnwnohvopmm.jpg,0.821,0.103
sun_aevnnshxgaaniyxq.jpg,0.784,0.135
sun_annedcsnupogvoap.jpg,0.600,0.114
sun_athrbdyauxtcoorz.jpg,0.800,0.143
sun_acdlxtsyaebwzwpl.jpg,0.838,0.000
sun_aatjesvdupctftmn.jpg,0.789,0.079
sun_ahtcfddvjqqasrvx.jpg,0.821,0.154
sun_apvbxohliohubghc.jpg,0.769,0.077
sun_abmbnddafmywtjjj.jpg,0.619,0.071
sun_adrwdpogmgtoddsq.jpg,0.789,0.132
sun_aiekknxgrqdikadh.jpg,0.875,0.100
sun_abcuurugvxwparpk.jpg,0.872,0.128
sun_aphnqquqymtsiuai.jpg,0.857,0.057
sun_beriupiworcuqizd.jpg,0.667,0.051
sun_bbegcweqnetpdlrh.jpg,0.775,0.250
sun_afhwlhnvohuuuvln.jpg,0.800,0.300
sun_avpeconwfdhhoiyt.jpg,0.775,0.175
sun_aawqasufqctutqkm.jpg,0.917,0.167
sun_aflojskatpeqyzqp.jpg,0.784,0.054
sun_aejirmmsxbcuvehi.jpg,0.600,0.114
sun_auciwpvxauhwvjbu.jpg,0.632,0.132
sun_detmwwvooyqdpexe.jpg,0.590,0.179
sun_bfbqkfbmosznjtlq.jpg,0.800,0.125
sun_afknvxgaiewlzajc.jpg,0.821,0.077
sun_bjavbejmhzoanlka.jpg,0.825,0.525
sun_aqxpygwjxnphfrlz.jpg,0.900,0.125
sun_akdxasjjvxkjflfe.jpg,0.718,0.231
sun_akluejjeixdyvjqc.jpg,0.605,0.342
sun_aizgnnplsvajzhkc.jpg,0.821,0.051
sun_afokxlcyjksyagtp.jpg,0.707,0.244
sun_apjhwoolhlpbbzpa.jpg,0.718,0.077
sun_afvcflzhlqloapyo.jpg,0.750,0.025
sun_adapghvrjplpusrh.jpg,0.667,0.128
sun_aaalbzqrimafwbiv.jpg,0.816,0.077
sun_abugfjtdsvbsgnaj.jpg,0.744,0.205
sun_anbovyzcbqfgvvbe.jpg,0.525,0.175
sun_abmnepvmxflczwxr.jpg,0.750,0.000
sun_adfktsqjthoglcsm.jpg,0.816,0.053
sun_altvclonruutcxzm.jpg,0.838,0.135
sun_attgnhlmvxaeenet.jpg,0.647,0.088
sun_atvfbmwubenfhivx.jpg,0.865,0.054
sun_agtqhhwxjeuxdebe.jpg,0.923,0.154
sun_anztrbwcwwkkrnum.jpg,0.875,0.300
sun_ahghncrqaqrssufx.jpg,0.786,0.071
sun_azydoljmfinkzecf.jpg,0.692,0.128
sun_akqlmomsjjqaimyn.jpg,0.821,0.077
sun_abyvpwkgsjtijdwj.jpg,0.632,0.000
sun_ahlmiladgbserttj.jpg,0.861,0.167
sun_ashkwpobxehrgaac.jpg,0.737,0.079
sun_afxokyavhgptyfye.jpg,0.769,0.128
sun_agygkvxlgcvocohy.jpg,0.925,0.075
sun_ahuynahneraqftyz.jpg,0.795,0.077
sun_atoaiqdapqpivkwa.jpg,0.744,0.051
sun_aletopenvvozhpxc.jpg,0.658,0.026
sun_acfkwpundxxnfwkg.jpg,0.667,0.128
sun_dvabmhmnzyzaqpij.jpg,0.919,0.027
sun_aampvucecsfbdafn.jpg,0.725,0.050
sun_ayboqwbhgvubnhde.jpg,0.806,0.111
sun_btjecfnksbyiqqxf.jpg,0.868,0.026
sun_arphgijlmcqgezfs.jpg,0.897,0.026
sun_bhqbaxilkgxsdtva.jpg,0.513,0.103
sun_bjjlgqcwhmcrodcn.jpg,0.821,0.205
sun_dsucsmutxyqavhsh.jpg,0.650,0.075
sun_bnjvhjqzqidjrvus.jpg,0.846,0.026
sun_adrkxryctcdhbabi.jpg,0.700,0.300
sun_aiksmwmijfunopzp.jpg,0.923,0.103
sun_bckommokylseenrf.jpg,0.744,0.154
sun_aztyqgzjxqyzhprf.jpg,0.718,0.051
sun_afyacofyidcprofn.jpg,0.641,0.026
sun_abasphceswhwwqvv.jpg,0.600,0.075
sun_akosnqswrjctlvnj.jpg,0.825,0.225
sun_acxeheuiigkcgquf.jpg,0.737,0.132
sun_bjvzmtmhguwfovbu.jpg,0.846,0.103
sun_aeouogqolxvggaoq.jpg,0.842,0.132
sun_aixrlmuwerikpjzw.jpg,0.889,0.139
sun_bgpuftmzjznsgzye.jpg,0.868,0.079
sun_apmkpobmqictoupx.jpg,0.821,0.077
sun_aemcowdozyphwknd.jpg,0.800,0.050
sun_acjundasqbdipwer.jpg,0.725,0.050
sun_amjxdqdhpsvxepvu.jpg,0.795,0.000
sun_aakvmbftkrgqhjun.jpg,0.864,0.159
sun_babqsgzhxrrtsmwd.jpg,0.795,0.103
sun_abadvvgraskzfoyd.jpg,0.861,0.111
sun_byflwokhpweprqwh.jpg,0.667,0.077
sun_abfwvyohcrssyruc.jpg,0.875,0.175
sun_bsjqltgedzzxlfjt.jpg,0.676,0.216
sun_acdomubgmpzekzyv.jpg,0.895,0.079
sun_aicbmevwvugruvdn.jpg,0.842,0.158
sun_apscreiddultlpdo.jpg,0.816,0.211
sun_axnqhkfmxlixsbfz.jpg,0.625,0.075
sun_bmpniqabxkduvgmd.jpg,0.825,0.050
sun_abjaipabdkclakso.jpg,0.784,0.054
sun_atotjjzmtqgczsbs.jpg,0.861,0.111
sun_bsjjzpuovqzmabso.jpg,0.769,0.051
sun_bbgtoeuzierkkajt.jpg,0.649,0.108
sun_aygrtwrwfezqjizr.jpg,0.816,0.053
sun_aasyhdxyrsisdnrt.jpg,0.743,0.086
sun_bcddbsytimhuifqb.jpg,0.795,0.077
sun_aacxaszsngweyrkv.jpg,0.842,0.079
sun_afijbgncijwykrnl.jpg,0.923,0.051
sun_abfzoyyzomxoeuxh.jpg,0.919,0.027
sun_acmpotyqmuvlktuy.jpg,0.795,0.026
sun_abcfpwlpolnutyju.jpg,0.667,0.056
sun_aavajicyhgrpewuk.jpg,0.921,0.079
sun_bczlttwvngwwabrg.jpg,0.744,0.154
sun_bqsdnkiwcsuuitxb.jpg,0.829,0.122
sun_aybttaigwttpfrlb.jpg,0.684,0.053
sun_abrobwrylptceqfh.jpg,0.756,0.171
sun_apuniseyxkumjsrt.jpg,0.816,0.237
sun_abohxbskznglnrhv.jpg,0.675,0.075
sun_afzydjgoapsscmph.jpg,0.923,0.025
sun_afhkqkelzfrlpyun.jpg,0.811,0.054
sun_aahyklhrtcbkbppl.jpg,0.579,0.053
sun_adjjzkavufzqwwgp.jpg,0.703,0.324
sun_avxqvhaysnxfmmfo.jpg,0.784,0.216
sun_bfxopnqhiuuqladt.jpg,0.833,0.222
sun_awlzfivhqgrlogyb.jpg,0.811,0.027
sun_acuvkyhxpraqpmao.jpg,0.816,0.105
sun_bximbvfjwnwactzo.jpg,0.514,0.081
sun_ahqwiejclxjbsqts.jpg,0.667,0.256
sun_aiutbwlsoqpbjzsi.jpg,0.842,0.237
sun_abtjfyihnmglxpkd.jpg,0.658,0.105
sun_abjfipecmqqyqifd.jpg,0.618,0.088
sun_aagwsgrhqbyoiypx.jpg,0.718,0.128
sun_afgdqbclkwfocdhg.jpg,0.811,0.108
sun_awwnbkjycouocmzd.jpg,0.579,0.211
sun_ayvqosroxbxnjhkx.jpg,0.737,0.211
sun_afirctvvmamkntgw.jpg,0.861,0.111
sun_aezuszgtxnmsxdbk.jpg,0.600,0.150
sun_avvfzkidbpzwrptr.jpg,0.763,0.053
sun_asyrjbxiwcrbpwae.jpg,0.683,0.220
sun_azlubpvtspzjpfbd.jpg,0.487,0.051
sun_athmlyxqjdcgohbe.jpg,0.711,0.105
sun_aatpkocdkocwxpkb.jpg,0.868,0.158
sun_aadtmifyuvqcfkcr.jpg,0.973,0.108
sun_adaqrcisdytbarzl.jpg,0.825,0.075
sun_bljemlbxxumuwrbd.jpg,0.730,0.135
sun_aiplsnhjactchpfy.jpg,0.750,0.194
sun_ahaulkltgpkeeemi.jpg,0.853,0.029
sun_ajclpqbofvdrsyzs.jpg,0.683,0.122
sun_bjztmzqnymhgycso.jpg,0.684,0.128
sun_bcnjguohcnitcnrt.jpg,0.750,0.167
sun_adtfoiftvfrxuzoy.jpg,0.676,0.105
sun_arvtcfggzrsifiwv.jpg,0.703,0.135
sun_acvqlpihddkrdsjr.jpg,0.846,0.179
sun_abvzdycasdowizll.jpg,0.763,0.079
sun_bnpmbqizgqeioict.jpg,0.757,0.324
sun_aevpojtckcbcdzoo.jpg,0.919,0.081
sun_asdmmlqsiucoqlgl.jpg,0.923,0.179
sun_aublvbnsvwvjvcus.jpg,0.744,0.154
sun_abmytpyhsgigllxu.jpg,0.590,0.128
sun_ajgyyumjygvwbhwn.jpg,0.711,0.026
sun_adakkdovnuzlycvp.jpg,0.667,0.205
sun_alyypyotuwnfoila.jpg,0.757,0.297
sun_aabzxukrpryjakkd.jpg,0.897,0.026
sun_ajsfxhmmsablvpyb.jpg,0.750,0.175
sun_alwagmykaclovukj.jpg,0.805,0.171
sun_biaagwvvtbnxdnos.jpg,0.789,0.000
sun_aaczmpbmprzjcofd.jpg,0.625,0.075
sun_abkngeblodihjvbk.jpg,0.921,0.105
sun_ahvdhvivgsoftbbt.jpg,0.757,0.189
sun_ahjygdypxwkiungn.jpg,0.892,0.135
sun_atrtnliilpgujrby.jpg,0.821,0.103
sun_aivntrdgoqdpbuvw.jpg,0.775,0.150
sun_aadsmjtmardsqqro.jpg,0.750,0.175
sun_ajoveqhiprwqgoco.jpg,0.895,0.053
sun_awmvjvwxsjrzmfmn.jpg,0.568,0.135
sun_auburywlkjszngcq.jpg,0.711,0.000
sun_ayeyctijisecybpc.jpg,0.732,0.195
sun_adbhmrgrrpyzglxs.jpg,0.610,0.122
sun_abudredwhmveegno.jpg,0.737,0.132
sun_akzkwpltwqhtvuit.jpg,0.842,0.132
sun_dfdyaexozbddzohp.jpg,0.892,0.108
sun_afbidkxcjwyqnsor.jpg,0.778,0.222
sun_aanqcgpbcaejuoav.jpg,0.892,0.027
sun_awhuhyamiufkrvrv.jpg,0.784,0.108
sun_adrvjpahtrzmzevf.jpg,0.750,0.175
sun_awiowekhataufdbe.jpg,0.676,0.135
sun_abanmhtpcjptodut.jpg,0.684,0.132
sun_atmwooiisxyreoen.jpg,0.842,0.132
sun_arceibpcyacbmfga.jpg,0.872,0.359
sun_aycqplbacuzcczpa.jpg,0.541,0.189
sun_addzsdrvyumxowzz.jpg,0.868,0.158
sun_adwvsndpdsgzeste.jpg,0.816,0.237
sun_aruxdklxyagiityl.jpg,0.789,0.158
sun_afgiklmtlxbrmovr.jpg,0.737,0.237
sun_akarluazgnkctrfj.jpg,0.579,0.053
sun_aqpczdppoqjonalb.jpg,0.763,0.026
sun_aadmnwmcbecppgxs.jpg,0.737,0.132
sun_aaebuzkvqtkqiact.jpg,0.750,0.050
sun_bqfeklvnbjykjwuj.jpg,0.730,0.108
sun_bupuiasksdtotfmj.jpg,0.889,0.167
sun_aijllkrowygvsfrl.jpg,0.825,0.200
sun_astwfqbeqwdnjvov.jpg,0.789,0.026
sun_aezhqhoehsvselpc.jpg,0.825,0.150
sun_awbkwcxhxxznoffs.jpg,0.718,0.128
sun_bfjfecetuwjlpgtk.jpg,0.846,0.051
sun_akfbsixzrndocply.jpg,0.974,0.132
sun_bduenszphooxbzxy.jpg,0.703,0.108
sun_ayxvireuavphjfcc.jpg,0.895,0.000
sun_ajkyjlgokoqswoqo.jpg,0.895,0.289
sun_aevuwijdteejdcwb.jpg,0.919,0.243
sun_bkobeihwekdacgfl.jpg,0.865,0.077
sun_aeuvjbmdpknaqqaj.jpg,0.842,0.132
sun_ablgxmlqsejzolxh.jpg,0.757,0.135
sun_aajuzribjrizdshh.jpg,0.818,0.059
sun_bihhflcnonnooztq.jpg,0.789,0.289
sun_banhgesqtxkxofdh.jpg,0.684,0.079
sun_abanoxjtqxamkucc.jpg,0.806,0.139
sun_agyxcqzvtlbyhbel.jpg,0.632,0.105
sun_daxoiqoxwooivspb.jpg,0.553,0.079
sun_ahxsqmiafmojvofg.jpg,0.553,0.158
sun_abogrmwushzswabg.jpg,0.846,0.026
sun_afgzgbisbopcyslr.jpg,0.897,0.128
sun_aftgmyzctdycguru.jpg,0.615,0.205
sun_akxtydwclgzpgmma.jpg,0.846,0.103
sun_bjeeojpddncrhurl.jpg,0.683,0.073
sun_armrkvaeamzcofdq.jpg,0.842,0.026
sun_butrydsucdjmwths.jpg,0.600,0.125
sun_anzhutfywjieuxdw.jpg,0.919,0.216
sun_agmeubljefontptj.jpg,0.675,0.100
sun_auucbcgoaleouamb.jpg,0.775,0.275
sun_aauglwmctnkxyird.jpg,0.757,0.189
sun_aktstterrjilsqks.jpg,0.825,0.075
sun_bruvrpakloinxhlp.jpg,0.757,0.216
sun_dgsrmfdybjmtuntq.jpg,0.811,0.027
sun_abfspfwsueerilre.jpg,0.825,0.050
sun_acyzdpwpaqrrkcie.jpg,0.892,0.135
sun_bggmouitdktzmdxt.jpg,0.694,0.083
sun_dkfakyvwgejjfjaa.jpg,0.805,0.049
sun_baxtxdttqhqdwycj.jpg,0.861,0.028
sun_ahmhrncocyhsjpxk.jpg,0.718,0.128
sun_bixnyxlvqphrhxxx.jpg,0.775,0.150
sun_bawcydadrjrkzrtr.jpg,0.700,0.075
sun_aorhkkwzrprhmlum.jpg,0.684,0.184
sun_anewdtlulnypajte.jpg,0.763,0.105
sun_bremrkdgqdgqfpvi.jpg,0.694,0.167
sun_abzqgkvocbzodiec.jpg,0.816,0.053
sun_aprnrbmgkomdbchr.jpg,0.738,0.333
sun_bnsxifdibicpxxnt.jpg,0.605,0.103
sun_acbtftbtltdazlxh.jpg,0.725,0.200
sun_aactrphdtpvplkkz.jpg,0.667,0.051
sun_ahpblecxtmuzkmxb.jpg,0.649,0.054
sun_aagcpoejbuzyvddd.jpg,0.676,0.027
sun_bbckzrwjwsgyidfy.jpg,0.775,0.125
sun_auoxemzhksmicvgo.jpg,0.744,0.051
sun_bmaexkcjegqzxbxe.jpg,0.816,0.079
sun_arbneczoigawnlpp.jpg,0.684,0.079
sun_akcbrbdonjdkjopu.jpg,0.769,0.128
sun_aebfardcgkdygglp.jpg,0.583,0.056
sun_afbowkuvmuexewxh.jpg,0.583,0.056
sun_acjaruujeshufqhd.jpg,1.000,0.105
sun_aggnnqpdorgxpvce.jpg,0.825,0.275
sun_acafrzqfzflrnlvt.jpg,0.846,0.282
sun_ahrltmuwbiehihpe.jpg,0.789,0.053
sun_aathpfgzhsozvzkr.jpg,0.838,0.108
sun_bgaznpfqguaxkftf.jpg,0.825,0.150
sun_akwlvxjpddialozd.jpg,0.775,0.050
sun_aafjszryxyavjzln.jpg,0.769,0.231
sun_aozljjdsiqdyizvm.jpg,0.921,0.158
sun_atnsnricxyammdso.jpg,0.795,0.300
sun_dbixjudsgeuuehrn.jpg,0.718,0.077
sun_affstbkappprzxnv.jpg,0.703,0.079
sun_auluftlyajfkfgms.jpg,0.641,0.103
sun_ajtabsfeybbpvhis.jpg,0.795,0.256
sun_adwwtryklfuwsdcc.jpg,0.872,0.051
sun_acuatpqpqhyjhjqk.jpg,0.684,0.184
sun_ahtfxgsrmkiulnwk.jpg,0.639,0.083
sun_acbqcznzweczhubh.jpg,0.975,0.050
sun_dbtwcyqhnnhsheub.jpg,0.659,0.122
sun_axdhpskcldpepnej.jpg,0.795,0.128
sun_acycdoztxoluxjyk.jpg,0.744,0.179
sun_aawkypwlygauburu.jpg,0.905,0.167
sun_bagrgzkovatbtoot.jpg,0.872,0.128
sun_bjzixjatldwmayjw.jpg,0.625,0.100
sun_btcfyngkkfqhshuv.jpg,0.821,0.077
sun_aazezcsunmhttzxz.jpg,0.725,0.100
sun_agtbmzgcvlhejuzk.jpg,0.725,0.150
sun_ajfbjvvtclnbffkk.jpg,0.735,0.088
sun_athzzbcwjykldrem.jpg,0.725,0.075
sun_addsaeicthrfbkhe.jpg,0.897,0.051
sun_aabkeamasxinzolk.jpg,0.658,0.079
sun_amtxtygjmovyazez.jpg,0.718,0.077
sun_akwwcbmjqkiqmawr.jpg,0.658,0.132
sun_bsusdiwrgagtlyca.jpg,0.525,0.100
sun_buyhmtvlcprsjceb.jpg,0.838,0.135
sun_awfukmskzutgaxkp.jpg,0.675,0.225
sun_bfljjsicevfdemfs.jpg,0.974,0.105
sun_aaxvfmgffndirygi.jpg,0.872,0.026
sun_afwbofoevaeopgbq.jpg,0.579,0.105
sun_bpjuulrlldqkpeyp.jpg,0.810,0.095
sun_bqznpsfzvupdztoo.jpg,0.757,0.162
sun_amgxpaucmznjfszv.jpg,0.579,0.184
sun_bezwbydcdrdlayqn.jpg,0.789,0.105
sun_bhzhvsphbvkxmzqu.jpg,0.658,0.237
sun_abeedziropijunsp.jpg,0.902,0.122
sun_auzxeqfdwwhuhklb.jpg,0.579,0.158
sun_awqcfpvsrfpwkipq.jpg,0.730,0.108
sun_azkaqepnisjomads.jpg,0.692,0.103
sun_byuqzdnndqkrshvu.jpg,0.744,0.051
sun_abuyerbrwfrujntz.jpg,0.838,0.079
sun_acgjzrueneajdqnx.jpg,0.829,0.143
sun_bewsnmtcqbzgcmal.jpg,0.900,0.050
sun_agoufulkpsxrmklt.jpg,0.821,0.231
sun_akdnmkjwocckatbo.jpg,0.703,0.027
sun_agksdlsapcyahhkc.jpg,0.650,0.075
sun_aakuaffhfasezvzq.jpg,0.875,0.075
sun_akeyveprcfpaxvzs.jpg,0.500,0.083
sun_afnlvfaxheeapuzq.jpg,0.868,0.053
sun_bwbnqwtjwmdlchkb.jpg,0.857,0.143
sun_adfukpqikluzwbtv.jpg,0.718,0.077
sun_alqsmnvggnkikzib.jpg,0.921,0.184
sun_bzgirvyzxmatidhx.jpg,0.914,0.171
sun_dcyykqocjeammfed.jpg,0.889,0.028
sun_cuceoafirxnsrhwn.jpg,0.730,0.189
sun_abvcheygpblkhzvc.jpg,0.775,0.175
sun_adxzerjmbjzmloeo.jpg,0.564,0.128
sun_aabkgosnledmbnil.jpg,0.675,0.100
sun_avdcpxwhagihhvis.jpg,0.632,0.105
sun_aqzsbwfpwjpgpisn.jpg,0.775,0.150
sun_aafewhewbxmjiurz.jpg,0.667,0.103
sun_abbobkxhodlrxizi.jpg,0.789,0.105
sun_bldnkbjcpfpitudl.jpg,0.639,0.194
sun_adcfkkjuwwrbigee.jpg,0.763,0.053
sun_arahopjmnaqwwmmx.jpg,0.895,0.132
sun_dvadnyigzqwkqgbv.jpg,0.737,0.211
sun_agbzuqdwkxnaifrb.jpg,0.718,0.205
sun_axvaxaeexswderod.jpg,0.838,0.216
sun_alfmoqqllzzjylce.jpg,0.632,0.105
sun_aaqomdectmvndcgs.jpg,0.692,0.051
sun_boimzmilgnaoohiq.jpg,0.744,0.051
sun_akhcokornnwbsbsv.jpg,0.846,0.103
sun_aiwduelojtwaqeyh.jpg,0.683,0.098
sun_baejotfklekvpxcz.jpg,0.842,0.079
sun_argzfyzvngeazwvh.jpg,0.811,0.054
sun_aaoqrbogderiabug.jpg,0.872,0.154
sun_aquqdjzxpomkxtib.jpg,0.676,0.081
sun_aueuprgfxuefhpzs.jpg,0.875,0.150
sun_bcnnnmofkferpazg.jpg,0.800,0.150
sun_aacbvitkinljufrs.jpg,0.769,0.179
sun_auovyzpmpixtfczy.jpg,0.771,0.114
sun_agfzeirwtkbdqehi.jpg,0.750,0.000
sun_aateytrpdpxwfidj.jpg,0.514,0.135
sun_aebftzcfzulntdwq.jpg,0.897,0.128
sun_bpadnpouyqplgati.jpg,0.700,0.075
sun_aixamttniqkzhijr.jpg,0.675,0.300
sun_dahdxwmcdluscvot.jpg,0.800,0.225
sun_autllmomaumsjdyb.jpg,0.750,0.075
sun_bulzdaudcuyoazyo.jpg,0.590,0.154
sun_aaberzelylfpgehx.jpg,0.816,0.079
sun_bmycvdofdyucftvn.jpg,0.690,0.167
sun_afvsxtzaizojicxx.jpg,0.657,0.029
sun_aaasertfihkcjvdd.jpg,0.750,0.083
sun_acpvugnkzrliaqir.jpg,0.775,0.050
sun_bppgewopqarkbxab.jpg,0.700,0.075
sun_aawfaqdgssmjzpmn.jpg,0.875,0.100
sun_bhxzayvxgvuavhbk.jpg,0.780,0.122
sun_ajwqkfsykceonyig.jpg,0.865,0.081
sun_akodkcslgqhqlgwl.jpg,0.732,0.195
sun_aaeplwsfslcbtojr.jpg,0.857,0.238
sun_bahgqdnvrazptqfu.jpg,0.775,0.100
sun_accsmuxkhdplcpye.jpg,0.872,0.077
sun_aknlirqjqiwbbeeg.jpg,0.895,0.053
sun_aayvlziheeqrwvag.jpg,0.737,0.026
sun_ahdmijsqgtqkecgk.jpg,0.692,0.103
sun_alkqeifuoasmzxan.jpg,0.711,0.053
sun_bfdouwiuyaaykaor.jpg,0.951,0.073
sun_bldqrthuhhhtijra.jpg,0.436,0.077
sun_aczwgyukesaajxnx.jpg,0.947,0.184
sun_bsjfqohvqotxrtzu.jpg,0.659,0.317
sun_aprasvgptndlwcil.jpg,0.795,0.154
sun_cxsvxcvzgdgcuifb.jpg,0.579,0.184
sun_aauueuhhvklldjik.jpg,0.821,0.103
sun_abdzqdwcxofbqkyv.jpg,0.816,0.316
sun_aamudvxujwzvbhwy.jpg,0.825,0.100
sun_abztrjixhwnbpemt.jpg,0.718,0.154
sun_bdcjgewkjkjlzvth.jpg,0.811,0.216
sun_bhavnrskmgtapqzo.jpg,0.711,0.132
sun_ayrdwjhaccnarclz.jpg,0.895,0.026
sun_bpdbijzroxxbeddm.jpg,0.703,0.027
sun_ajeicxnojnuqxasb.jpg,0.811,0.162
sun_aeyktjizayhupzxi.jpg,0.750,0.139
sun_ahbhsmbprdptsgdp.jpg,0.694,0.111
sun_bddbivbptlrlauhy.jpg,0.865,0.297
sun_aavxxtckttwznpaj.jpg,0.917,0.083
sun_atosewnpuruvbjug.jpg,0.821,0.179
sun_bjpzcqdoptwynufy.jpg,0.875,0.050
sun_awokydoaebgulzbh.jpg,0.816,0.184
sun_ajslyefzccqcyfto.jpg,0.714,0.286
sun_akckressdlpcsalt.jpg,0.629,0.171
sun_akgbnzxmfohgehnu.jpg,0.806,0.111
sun_bdqiqpvxsosokefd.jpg,0.795,0.179
sun_aahhxgdbwikzrtrl.jpg,0.778,0.000
sun_brewmxfbqsduidpx.jpg,0.821,0.179
sun_bhtnixvndcrszzke.jpg,0.842,0.079
sun_alntxqqadigcletd.jpg,0.703,0.297
sun_afcotgkgfepusinw.jpg,0.780,0.317
sun_aifngugrmacmbrck.jpg,0.769,0.077
sun_adrmfzmstgdjdcod.jpg,0.769,0.205
sun_czrcemzodsstrlxx.jpg,0.564,0.128
sun_acacflqoyxhsqzhe.jpg,0.667,0.103
sun_bmtjonurtuasqvez.jpg,0.868,0.132
sun_aapmrclmvakbvqzq.jpg,0.795,0.154
sun_carcostyxwqxfbpz.jpg,0.795,0.051
sun_aclsowqxzhuoeltp.jpg,0.865,0.108
sun_adulgetnnmyzxmpm.jpg,0.583,0.056
sun_bylbrlbqcnxdrtxn.jpg,0.769,0.103
sun_bdycacjfaujxitbw.jpg,0.600,0.200
sun_bhiplnjaxcfjsmge.jpg,0.553,0.000
sun_ayaogzwgoerouhyf.jpg,0.632,0.053
sun_amwuqhlsqnbypyka.jpg,0.868,0.158
sun_afpfpiiujzoesnqg.jpg,0.902,0.098
sun_akqnpcsddhajyiya.jpg,0.895,0.158
sun_dfkbuazmrhmllrjg.jpg,0.622,0.158
sun_azdddgaqicbvhcld.jpg,0.921,0.237
sun_aacclhfjjpnqvtbz.jpg,0.838,0.054
sun_aatzmwchrpqeprlf.jpg,0.805,0.220
sun_brlsjyqmrtnvwdjs.jpg,0.684,0.026
sun_aijngoezqybbkrpw.jpg,0.947,0.026
sun_bqyazfjzmeyzhrel.jpg,0.744,0.116
sun_abrjdpmoedcdjbpo.jpg,0.703,0.135
sun_afpaqyvxtgewoyoy.jpg,0.718,0.154
sun_agylojlrfdmabxbm.jpg,0.789,0.105
sun_agfvluwixdsozaql.jpg,0.895,0.184
sun_ardieyfibgxfgilg.jpg,0.538,0.128
sun_aaiqiqcggrskoqgy.jpg,0.743,0.114
sun_abdkapmirwfcawwh.jpg,0.684,0.105
sun_abyfxcxhdebvdyfd.jpg,0.769,0.103
sun_aapllqyqlykszopd.jpg,0.816,0.158
sun_adezqftpzhvzscpp.jpg,0.771,0.114
sun_bdhfcugiqbfyyloi.jpg,0.667,0.077
sun_ammyodxmkwfauuzp.jpg,0.850,0.100
sun_ajtlsejmszjrrgpc.jpg,0.737,0.053
sun_achyalidxmpvzoya.jpg,0.868,0.184
sun_akskbnmvfhrdnwsw.jpg,0.872,0.128
sun_alhiyfuleyewpojk.jpg,0.718,0.077
sun_ahqrxievfeusiqlt.jpg,0.763,0.132
sun_arqpjfvanwiexytc.jpg,0.605,0.158
sun_apfagbhwyzrpjema.jpg,0.900,0.125
sun_bwzxhbiqdqltafdm.jpg,0.486,0.079
sun_berqbwjzqhrpstpd.jpg,0.821,0.051
sun_abctlikybqabezjv.jpg,0.825,0.050
sun_apqwnqzxlsfvgsjm.jpg,0.737,0.053
sun_aajpqmulidejvjsr.jpg,0.692,0.103
sun_bujvavyctvyytacf.jpg,0.722,0.167
sun_awckkptvyqxuwhuc.jpg,0.769,0.308
sun_athzmqxqlcbwxbrn.jpg,0.892,0.079
sun_bjexhjnxcxsmiwws.jpg,0.789,0.026
sun_aewbopkhoqojnovi.jpg,0.897,0.051
sun_aecyogsymldsiuya.jpg,0.821,0.205
sun_bdvkvazcsyvkumig.jpg,0.875,0.175
sun_abqowuarvqqcnipn.jpg,0.769,0.051
sun_bsmfrekdbsboycod.jpg,0.816,0.263
sun_ajqkicmdonnrbmks.jpg,0.842,0.237
sun_adxvmnlyovhqognn.jpg,0.632,0.105
sun_babjtppsnozdurdt.jpg,0.825,0.025
sun_ahmcjfmmmyudnscd.jpg,0.784,0.081
sun_agrwbmhcpmfuwmsg.jpg,0.795,0.231
sun_aozisvwfbmlkfhzv.jpg,0.868,0.105
sun_abjxhdohkpucnaqw.jpg,0.842,0.184
sun_ahlitbbraumkjrfd.jpg,0.625,0.300
sun_abrlndkruqokhury.jpg,0.757,0.135
sun_adqflfuthjcbffyx.jpg,0.789,0.184
sun_annxrghjgrfedbun.jpg,0.763,0.132
sun_bmaiocftdtvnzgap.jpg,0.649,0.081
sun_bhohytolvqjbtzpf.jpg,0.821,0.077
sun_adoqcefwvzfyrnqn.jpg,0.872,0.103
sun_acdnquypmsshhsbk.jpg,0.676,0.081
sun_aqioyezlivivdmnc.jpg,0.590,0.103
sun_ahdyizucxrpkudbz.jpg,0.821,0.103
sun_akisylrvzcjwkpdf.jpg,0.526,0.132
sun_agjeesomrwjsfqie.jpg,0.725,0.125
sun_baebeigdqkobgxfi.jpg,0.897,0.179
sun_bcuholkqaqasmsas.jpg,0.744,0.179
sun_bjoaabvgwtuaiajl.jpg,0.850,0.075
sun_deswdewanbwnwtpl.jpg,0.711,0.105
sun_adnjgxhzshtcrimp.jpg,0.684,0.237
sun_auhdreqftvwtybgc.jpg,0.825,0.200
sun_ajfrmsscdjkfoiut.jpg,0.526,0.105
sun_aabyitznzumhlxfw.jpg,0.737,0.158
sun_bbifpzjtubhaqddg.jpg,0.846,0.077
sun_abefjlohrgeypwlr.jpg,0.700,0.050
sun_aoqcczjbamqxkbhj.jpg,0.842,0.079
sun_aocgglpphgqofiod.jpg,0.700,0.150
sun_cikkpifwnmymwbty.jpg,0.722,0.111
sun_ablfqiwfqomjarht.jpg,0.816,0.132
sun_akddxkdhqjaowkjt.jpg,0.900,0.100
sun_btbjgsnyrcuqgfnr.jpg,0.816,0.026
sun_afdmemvdzurketgk.jpg,0.842,0.158
sun_bcfwegyxhlidmwto.jpg,0.744,0.154
sun_aifbmpuwbfixjbhl.jpg,0.865,0.108
sun_augqgoecqawhzezg.jpg,0.900,0.073
sun_bhixsbikiamkdlxa.jpg,0.757,0.162
sun_atflrrvztuwhyjsr.jpg,0.900,0.200
sun_angecbcgtivkkivs.jpg,0.750,0.111
sun_apqqaoxvnhplfvsk.jpg,0.611,0.028
sun_arjaqpjmpqulobad.jpg,0.868,0.474
sun_awccwzmxuzsdvssi.jpg,0.865,0.081
sun_aydywdmvlfddbxbk.jpg,0.632,0.053
sun_acwcxcfulvbjhqbm.jpg,0.725,0.125
sun_bynmgwmfxyudnoav.jpg,0.811,0.135
sun_ammwnbcxtrrnhafa.jpg,0.811,0.081
sun_bmdqacsxnomciwmm.jpg,0.886,0.057
sun_abjfxvhwibsyulro.jpg,0.921,0.105
sun_bbxhnpevjjmblggl.jpg,0.805,0.049
sun_adasaktfnznturxa.jpg,0.865,0.297
sun_aokrhxvttlpbhids.jpg,0.947,0.026
sun_dyymwcrzleboflzy.jpg,0.718,0.051
sun_asnqkkyhilqkxiqm.jpg,0.641,0.179
sun_aebfefyukdtanqal.jpg,0.629,0.114
sun_agrmyoovzukhxmlo.jpg,0.718,0.179
sun_aeiyxihthdaokizt.jpg,0.950,0.075
sun_bfyvfqiimvdaxlqn.jpg,0.769,0.231
sun_aabpfvzjebvcnlst.jpg,0.667,0.026
sun_awmvojrtmqfrfoyz.jpg,0.868,0.053
sun_alqapjtbthzsxzbp.jpg,0.737,0.179
sun_aajayojuslbbnneg.jpg,0.750,0.250
sun_bksalkdcfvxirwvo.jpg,0.737,0.132
sun_ayydxtukdmvddbsk.jpg,0.769,0.051
sun_aqmbsswcvwhtszmj.jpg,0.622,0.081
sun_abffdjxgtcwmddsg.jpg,0.806,0.028
sun_blrzkpzuckhxmomc.jpg,0.718,0.051
sun_afddaoosmlsiqxlw.jpg,0.658,0.158
sun_afwnqzisibfqhbui.jpg,0.750,0.225
sun_bkuftfwcepfplhsh.jpg,0.838,0.108
sun_avugswzpltheqrcr.jpg,0.667,0.051
sun_aajspcoepticvplv.jpg,0.600,0.150
sun_aslmehlkpcjhwjmc.jpg,0.795,0.154
sun_bbsqonwnsiirjukt.jpg,0.763,0.184
sun_bvrebjtqjljimiri.jpg,0.949,0.077
sun_abshmfgcxpevmpwf.jpg,0.821,0.026
sun_baoobknwttwgizdc.jpg,0.590,0.128
sun_acvbrcejzwmcgnoq.jpg,0.769,0.205
sun_aakxgygjfqrzpyoz.jpg,0.800,0.125
sun_aahdcitelwslfxwx.jpg,0.744,0.026
sun_ajhvjbnngvgowlaq.jpg,0.744,0.051
sun_aanjcbzdvtvblsdy.jpg,0.833,0.306
sun_aakswsxtgwuhohjf.jpg,0.694,0.167
sun_acayopaonuntzxio.jpg,0.526,0.105
sun_ayxyxrtrauuchavb.jpg,0.946,0.189
sun_agmwxxwymwojbvgi.jpg,0.684,0.053
sun_amiqdehriprfvklj.jpg,0.676,0.135
sun_aqcnyznetkiqpnjx.jpg,0.806,0.056
sun_bkqhrxemktxdvfby.jpg,0.800,0.050
sun_bcyzkxgibrohfkgo.jpg,0.615,0.075
sun_bnmtbssobqcbqaba.jpg,0.829,0.073
sun_bguacubggfiafzcg.jpg,0.769,0.282
sun_aisiwfgppimtnmxl.jpg,0.833,0.111
sun_ahygsypoxosxcssd.jpg,0.897,0.051
sun_dveujddgsmqeztbf.jpg,0.816,0.079
sun_akulvhozadgcpwww.jpg,0.575,0.200
sun_acovslsiemerqxnn.jpg,0.694,0.167
sun_bwnmhisaqwrxiaxi.jpg,0.825,0.025
sun_bkwvjmfuafheqzhd.jpg,0.865,0.027
sun_amczizlzavhzhpay.jpg,0.684,0.079
sun_azcsttduqbhsqmxk.jpg,0.784,0.108
sun_apqwoeotxshkukbh.jpg,0.786,0.119
sun_bxreuekkfojbbgsv.jpg,0.974,0.158
sun_bslzpllliodrydqg.jpg,0.771,0.343
sun_brdqpmhecbflzxvx.jpg,0.676,0.108
sun_agbtluipjrqudrdu.jpg,0.667,0.026
sun_aphkkgwkpizjjevh.jpg,0.718,0.077
sun_azxqujfvpygbtszi.jpg,0.944,0.028
sun_bbowjoqnldjzgofg.jpg,0.816,0.079
sun_ajuinksqrroxcoiu.jpg,0.895,0.132
sun_amlfuzhyyoieymcp.jpg,0.816,0.158
sun_befiiktyoqpqwxls.jpg,0.556,0.056
sun_acypmnujalygkunp.jpg,0.811,0.108
sun_bvbrvgbpanfrawft.jpg,0.900,0.300
sun_dafhogawgibbzmbw.jpg,0.725,0.250
sun_aryzzewneawwgwna.jpg,0.763,0.079
sun_bzfwfmwxrwsgzgbj.jpg,0.881,0.143
sun_aljgywvblnqpycim.jpg,0.850,0.275
sun_awxeqwqgyiyqxvpe.jpg,0.625,0.100
sun_aceztgmiqkbghnpu.jpg,0.789,0.053
sun_acrjtxkeiogdvpwh.jpg,0.676,0.158
sun_awskjllnoffwoklv.jpg,0.625,0.150
sun_bjwltvmogymqyjjt.jpg,0.974,0.263
sun_ahglqbfkxbqactrv.jpg,0.821,0.205
sun_bizlhkzdkssrncoj.jpg,0.769,0.205
sun_acbxtyqhxaxfnwpa.jpg,0.775,0.250
sun_bvylsdumrentyasn.jpg,0.816,0.237
sun_autodikfrwpvgfnl.jpg,0.789,0.053
sun_blhmgdahjbajhdhd.jpg,0.850,0.075
sun_bgosudmyldzkcmfv.jpg,0.902,0.122
sun_afnkhdvaziebujuc.jpg,0.800,0.025
sun_afmqnvqlhvvgpjll.jpg,0.744,0.128
sun_bcytacchwcoxzxbk.jpg,0.622,0.081
sun_aekgzpfilgjxpeyq.jpg,0.889,0.056
sun_avcgjgbjeetvqqhd.jpg,0.795,0.282
sun_dqxugvhmnwbfazbj.jpg,0.800,0.100
sun_blwptpkcaurncvel.jpg,0.789,0.184
sun_bctqadrweuguozsq.jpg,0.762,0.143
sun_amvwlyeizutzdjsr.jpg,0.703,0.054
sun_ahedfrhtcwpneund.jpg,0.657,0.114
sun_adtzpuoptlrwraxk.jpg,0.756,0.073
sun_acthckhgkeqnkexf.jpg,0.892,0.027
sun_aaarfmdkojiusxxl.jpg,0.923,0.128
sun_ayhpvydsqxpynkfa.jpg,0.615,0.128
sun_bauycdcdmruicjvw.jpg,0.667,0.154
sun_aailzjvpvhfbfmkn.jpg,0.795,0.077
sun_bflvctvnbppuhofm.jpg,0.658,0.158
sun_bpuwvyadswjfoaby.jpg,0.718,0.000
sun_ayjlyfutvjcvezpj.jpg,0.737,0.105
sun_aasfnshyhrenwsuc.jpg,0.737,0.079
sun_ayrfvejawliwjipq.jpg,0.744,0.282
sun_agmhildamktmqjss.jpg,0.811,0.162
sun_afvzuxwigrcyyyfo.jpg,0.756,0.220
sun_cfxzyuvpbczbfymv.jpg,0.763,0.053
sun_bdmukjnvblvyljhk.jpg,0.778,0.028
sun_axllcjitjsijpzwd.jpg,0.769,0.077
sun_arpluuazulzhjheu.jpg,0.778,0.167
sun_aqnltxlkiawuipok.jpg,0.795,0.128
sun_ahgtbwgsmtqeodwh.jpg,0.750,0.100
sun_adgiqjbmhjyznpgu.jpg,0.875,0.125
sun_daxzvvifvehtbksy.jpg,0.711,0.026
sun_bgpfzncwgubruhjm.jpg,0.842,0.053
sun_ahlesyouetaxvrso.jpg,0.811,0.027
