id,GENDER,SE_perf,SE_soc,SE_phys,SSES,personality,BFI10_1PP,BFI10_3PP_sp,BFI10_3PP_real
1,2,3.142857143,2.571428571,3.5,9.21,1,2.5,3.115385,3.076923
1,2,3.142857143,2.571428571,3.5,9.21,2,3.5,3.576923,2.25
1,2,3.142857143,2.571428571,3.5,9.21,3,3,3.711538,2.903846
1,2,3.142857143,2.571428571,3.5,9.21,4,4,3.25,2.903846
1,2,3.142857143,2.571428571,3.5,9.21,5,2,2.384615,2.807692
2,1,3.857142857,3.428571429,2.333333333,9.62,1,3,3.076923,3.038462
2,1,3.857142857,3.428571429,2.333333333,9.62,2,3,2.596154,3.115385
2,1,3.857142857,3.428571429,2.333333333,9.62,3,3,3.019231,3.211538
2,1,3.857142857,3.428571429,2.333333333,9.62,4,3,3.288462,2.942308
2,1,3.857142857,3.428571429,2.333333333,9.62,5,2.5,3.269231,3.211538
3,2,3.428571429,3.142857143,3.333333333,9.9,1,3,3.038462,3.269231
3,2,3.428571429,3.142857143,3.333333333,9.9,2,2,3,2.769231
3,2,3.428571429,3.142857143,3.333333333,9.9,3,1.5,2.576923,3.384615
3,2,3.428571429,3.142857143,3.333333333,9.9,4,4,3.403846,2.461538
3,2,3.428571429,3.142857143,3.333333333,9.9,5,4,3,2.769231
4,1,4.285714286,4,3.333333333,11.62,1,3.5,2.865385,3.173077
4,1,4.285714286,4,3.333333333,11.62,2,3,2.711538,2.923077
4,1,4.285714286,4,3.333333333,11.62,3,4,2.730769,3.134615
4,1,4.285714286,4,3.333333333,11.62,4,3,3.153846,2.769231
4,1,4.285714286,4,3.333333333,11.62,5,2.5,2.884615,3.288462
5,2,2.857142857,1.714285714,1.666666667,6.24,1,5,2.980769,3.192308
5,2,2.857142857,1.714285714,1.666666667,6.24,2,3,2.903846,3.596154
5,2,2.857142857,1.714285714,1.666666667,6.24,3,2.5,3.038462,3.230769
5,2,2.857142857,1.714285714,1.666666667,6.24,4,1,3.192308,2.634615
5,2,2.857142857,1.714285714,1.666666667,6.24,5,4.5,2.807692,3.519231
6,1,3.285714286,4.428571429,2.833333333,10.55,1,4,2.75,2.865385
6,1,3.285714286,4.428571429,2.833333333,10.55,2,4,2.480769,2.673077
6,1,3.285714286,4.428571429,2.833333333,10.55,3,3,3.038462,2.634615
6,1,3.285714286,4.428571429,2.833333333,10.55,4,3.5,3.365385,3.269231
6,1,3.285714286,4.428571429,2.833333333,10.55,5,4.5,3.134615,3.057692
7,1,3.571428571,3,3.333333333,9.9,1,3,2.865385,2.826923
7,1,3.571428571,3,3.333333333,9.9,2,3,2.615385,1.961538
7,1,3.571428571,3,3.333333333,9.9,3,4,2.730769,2.326923
7,1,3.571428571,3,3.333333333,9.9,4,4,3.153846,3.480769
7,1,3.571428571,3,3.333333333,9.9,5,4.5,2.826923,2.211538
8,2,2.285714286,2.714285714,2.666666667,7.67,1,4,3.115385,2.942308
8,2,2.285714286,2.714285714,2.666666667,7.67,2,2.5,2.942308,2.692308
8,2,2.285714286,2.714285714,2.666666667,7.67,3,3,2.5,3.134615
8,2,2.285714286,2.714285714,2.666666667,7.67,4,4.5,2.846154,3.038462
8,2,2.285714286,2.714285714,2.666666667,7.67,5,4,2.884615,2.923077
9,1,3.428571429,2.571428571,2.333333333,8.33,1,3,3,3.288462
9,1,3.428571429,2.571428571,2.333333333,8.33,2,4,3.461538,2.980769
9,1,3.428571429,2.571428571,2.333333333,8.33,3,3.5,3.25,3.519231
9,1,3.428571429,2.571428571,2.333333333,8.33,4,4,3.346154,2.692308
9,1,3.428571429,2.571428571,2.333333333,8.33,5,3,2.615385,3.057692
10,1,5,4.428571429,4.833333333,14.26,1,4.5,3.192308,3.480769
10,1,5,4.428571429,4.833333333,14.26,2,5,3.346154,3.711538
10,1,5,4.428571429,4.833333333,14.26,3,5,3.692308,3.615385
10,1,5,4.428571429,4.833333333,14.26,4,2,3.692308,2.557692
10,1,5,4.428571429,4.833333333,14.26,5,3,2.653846,3.634615
11,2,4.714285714,4.428571429,3.166666667,12.31,1,3,2.423077,3.019231
11,2,4.714285714,4.428571429,3.166666667,12.31,2,4,3.057692,3.076923
11,2,4.714285714,4.428571429,3.166666667,12.31,3,3.5,2.730769,3.019231
11,2,4.714285714,4.428571429,3.166666667,12.31,4,2.5,2.865385,3.057692
11,2,4.714285714,4.428571429,3.166666667,12.31,5,3.5,2.75,3.346154
12,1,3.857142857,3.428571429,4.333333333,11.62,1,3,3.326923,3.038462
12,1,3.857142857,3.428571429,4.333333333,11.62,2,4,3.519231,3.576923
12,1,3.857142857,3.428571429,4.333333333,11.62,3,3,3.423077,3.269231
12,1,3.857142857,3.428571429,4.333333333,11.62,4,4,3.307692,2.730769
12,1,3.857142857,3.428571429,4.333333333,11.62,5,4,2.653846,3.038462
13,1,2.714285714,2.285714286,1,6,1,1.5,2.615385,3.25
13,1,2.714285714,2.285714286,1,6,2,2.5,2.326923,3.211538
13,1,2.714285714,2.285714286,1,6,3,2,2.115385,3.115385
13,1,2.714285714,2.285714286,1,6,4,5,2.519231,2.538462
13,1,2.714285714,2.285714286,1,6,5,2.5,3.634615,3.288462
14,2,4,3.142857143,3,10.14,1,2.5,3.326923,3.557692
14,2,4,3.142857143,3,10.14,2,3,2.788462,2.326923
14,2,4,3.142857143,3,10.14,3,5,2.192308,3.153846
14,2,4,3.142857143,3,10.14,4,3,2.730769,2.384615
14,2,4,3.142857143,3,10.14,5,4,3.038462,2.788462
15,1,2.571428571,2,1.5,6.07,1,1,2.673077,2.75
15,1,2.571428571,2,1.5,6.07,2,3,2.846154,2.326923
15,1,2.571428571,2,1.5,6.07,3,4,3.057692,2.596154
15,1,2.571428571,2,1.5,6.07,4,4,3.307692,3.403846
15,1,2.571428571,2,1.5,6.07,5,3,2.846154,2.576923
16,1,4.428571,4.428571,4.166667,13.02,1,5,3.403846,2.884615
16,1,4.428571,4.428571,4.166667,13.02,2,5,3.346154,3
16,1,4.428571,4.428571,4.166667,13.02,3,4.5,3.615385,2.923077
16,1,4.428571,4.428571,4.166667,13.02,4,1,3.557692,3.230769
16,1,4.428571,4.428571,4.166667,13.02,5,5,2.480769,3.076923
17,2,3.428571429,3.571428571,3.5,10.5,1,2,2.942308,3.384615
17,2,3.428571429,3.571428571,3.5,10.5,2,4,3.173077,2.615385
17,2,3.428571429,3.571428571,3.5,10.5,3,3,3,3.403846
17,2,3.428571429,3.571428571,3.5,10.5,4,2.5,3.211538,3.019231
17,2,3.428571429,3.571428571,3.5,10.5,5,2,2.865385,3.211538
18,1,3.5714,3.7143,3.3333,10.62,1,3.5,2.980769,3.057692
18,1,3.5714,3.7143,3.3333,10.62,2,3,3.692308,2.923077
18,1,3.5714,3.7143,3.3333,10.62,3,2.5,3.615385,3.807692
18,1,3.5714,3.7143,3.3333,10.62,4,4,3.384615,2.576923
18,1,3.5714,3.7143,3.3333,10.62,5,2,2.711538,3.076923
19,1,3.428571429,3.571428571,3,10,1,3,3.307692,3.596154
19,1,3.428571429,3.571428571,3,10,2,3.5,3.25,3.557692
19,1,3.428571429,3.571428571,3,10,3,3.5,3.634615,3.538462
19,1,3.428571429,3.571428571,3,10,4,4,3,2.653846
19,1,3.428571429,3.571428571,3,10,5,3.5,3.480769,3.288462
20,2,4.285714286,4.428571429,3.666666667,12.38,1,3,3.480769,3.807692
20,2,4.285714286,4.428571429,3.666666667,12.38,2,4,3.076923,3.634615
20,2,4.285714286,4.428571429,3.666666667,12.38,3,4.5,3.346154,3.538462
20,2,4.285714286,4.428571429,3.666666667,12.38,4,1,2.596154,2.519231
20,2,4.285714286,4.428571429,3.666666667,12.38,5,4,3.173077,3.192308
21,2,4.571428571,4.857142857,4.166666667,13.6,1,4,3.096154,3.365385
21,2,4.571428571,4.857142857,4.166666667,13.6,2,3,2.365385,2.942308
21,2,4.571428571,4.857142857,4.166666667,13.6,3,3.5,3,3.211538
21,2,4.571428571,4.857142857,4.166666667,13.6,4,1,3.173077,2.846154
21,2,4.571428571,4.857142857,4.166666667,13.6,5,5,2.576923,3
22,2,3.285714286,3.142857143,2.833333333,9.26,1,4,3.365385,2.673077
22,2,3.285714286,3.142857143,2.833333333,9.26,2,4.5,2.692308,1.903846
22,2,3.285714286,3.142857143,2.833333333,9.26,3,3,3.096154,2.596154
22,2,3.285714286,3.142857143,2.833333333,9.26,4,3.5,3.019231,3.480769
22,2,3.285714286,3.142857143,2.833333333,9.26,5,3,2.923077,2.269231
23,1,3.857142857,2.857142857,3.5,10.21,1,3.5,2.980769,2.673077
23,1,3.857142857,2.857142857,3.5,10.21,2,3.5,3.365385,3.307692
23,1,3.857142857,2.857142857,3.5,10.21,3,3,3.461538,3.288462
23,1,3.857142857,2.857142857,3.5,10.21,4,4,2.884615,3.576923
23,1,3.857142857,2.857142857,3.5,10.21,5,4.5,3.365385,3.307692
24,1,4.142857143,4,3.666666667,11.81,1,4,3.173077,3.269231
24,1,4.142857143,4,3.666666667,11.81,2,3.5,3.692308,3.538462
24,1,4.142857143,4,3.666666667,11.81,3,4.5,3.653846,3.711538
24,1,4.142857143,4,3.666666667,11.81,4,3,2.423077,2.615385
24,1,4.142857143,4,3.666666667,11.81,5,3,3.5,3.557692
25,1,4.571428571,4.428571429,4.333333333,13.33,1,5,3.326923,2.923077
25,1,4.571428571,4.428571429,4.333333333,13.33,2,5,3.538462,3.461538
25,1,4.571428571,4.428571429,4.333333333,13.33,3,5,3.634615,3.653846
25,1,4.571428571,4.428571429,4.333333333,13.33,4,3,2.865385,3.134615
25,1,4.571428571,4.428571429,4.333333333,13.33,5,3,3.538462,3.480769
26,1,4.285714286,4.428571429,4.166666667,12.88,1,2.5,2.865385,3.057692
26,1,4.285714286,4.428571429,4.166666667,12.88,2,2.5,2.769231,3.75
26,1,4.285714286,4.428571429,4.166666667,12.88,3,3.5,3.173077,3.961538
26,1,4.285714286,4.428571429,4.166666667,12.88,4,3.5,3.057692,2.826923
26,1,4.285714286,4.428571429,4.166666667,12.88,5,4.5,3.269231,3.365385
27,1,3.285714286,1.714285714,3,8,1,1.5,3.5,3.480769
27,1,3.285714286,1.714285714,3,8,2,2,3.5,2.807692
27,1,3.285714286,1.714285714,3,8,3,2,3.538462,3.307692
27,1,3.285714286,1.714285714,3,8,4,3.5,2.711538,2.807692
27,1,3.285714286,1.714285714,3,8,5,4.5,3.326923,3.134615
28,1,3.714285714,3.857142857,4,11.57,1,4,3.153846,3.230769
28,1,3.714285714,3.857142857,4,11.57,2,1.5,3.692308,3.288462
28,1,3.714285714,3.857142857,4,11.57,3,3,3.75,3.288462
28,1,3.714285714,3.857142857,4,11.57,4,3,2.596154,2.961538
28,1,3.714285714,3.857142857,4,11.57,5,4,3.557692,3.25
29,2,3.857142857,4.285714286,4.166666667,12.31,1,4.5,3.615385,3.442308
29,2,3.857142857,4.285714286,4.166666667,12.31,2,4,3.384615,2.807692
29,2,3.857142857,4.285714286,4.166666667,12.31,3,3,3.365385,3.384615
29,2,3.857142857,4.285714286,4.166666667,12.31,4,3,2.346154,2.673077
29,2,3.857142857,4.285714286,4.166666667,12.31,5,3.5,3.326923,3.192308
30,2,3.142857143,2.571428571,1.5,7.21,1,3,3.173077,3.538462
30,2,3.142857143,2.571428571,1.5,7.21,2,3,3.519231,2.788462
30,2,3.142857143,2.571428571,1.5,7.21,3,3,3.576923,2.923077
30,2,3.142857143,2.571428571,1.5,7.21,4,3.5,2.711538,2.884615
30,2,3.142857143,2.571428571,1.5,7.21,5,4,3.288462,3
31,2,4.142857143,3,3.333333333,10.48,1,2.5,3.846154,3.307692
31,2,4.142857143,3,3.333333333,10.48,2,4.5,4.076923,3
31,2,4.142857143,3,3.333333333,10.48,3,4.5,3.807692,3.230769
31,2,4.142857143,3,3.333333333,10.48,4,3,2.153846,3.019231
31,2,4.142857143,3,3.333333333,10.48,5,5,3.865385,3.192308
32,2,4,2.142857143,2.166666667,8.31,1,3.5,3.365385,2.653846
32,2,4,2.142857143,2.166666667,8.31,2,3.5,3.326923,2.538462
32,2,4,2.142857143,2.166666667,8.31,3,4.5,3.461538,2.461538
32,2,4,2.142857143,2.166666667,8.31,4,4.5,2.346154,3.307692
32,2,4,2.142857143,2.166666667,8.31,5,4.5,3.269231,2.711538
33,1,4.142857143,4.428571429,3.833333333,12.4,1,2.5,2.961538,3.538462
33,1,4.142857143,4.428571429,3.833333333,12.4,2,3,2.942308,3.134615
33,1,4.142857143,4.428571429,3.833333333,12.4,3,4,3.403846,3.557692
33,1,4.142857143,4.428571429,3.833333333,12.4,4,4,3.173077,2.538462
33,1,4.142857143,4.428571429,3.833333333,12.4,5,5,3.25,3.365385
34,1,4,2.714285714,3.333333333,10.05,1,2.5,3,3.25
34,1,4,2.714285714,3.333333333,10.05,2,3.5,2.961538,3.576923
34,1,4,2.714285714,3.333333333,10.05,3,4.5,3.307692,3.807692
34,1,4,2.714285714,3.333333333,10.05,4,1,2.903846,2.846154
34,1,4,2.714285714,3.333333333,10.05,5,4.5,3.173077,3.576923
35,1,3.714285714,2.714285714,3.166666667,9.6,1,4.5,2.961538,3.480769
35,1,3.714285714,2.714285714,3.166666667,9.6,2,4,3,3.576923
35,1,3.714285714,2.714285714,3.166666667,9.6,3,4,3.403846,3.788462
35,1,3.714285714,2.714285714,3.166666667,9.6,4,4.5,3,2.5
35,1,3.714285714,2.714285714,3.166666667,9.6,5,4,3.134615,3.384615
36,1,3.714285714,3.714285714,3.333333333,10.76,1,4,3.25,3.230769
36,1,3.714285714,3.714285714,3.333333333,10.76,2,3.5,2.769231,3.634615
36,1,3.714285714,3.714285714,3.333333333,10.76,3,3.5,3.769231,3.769231
36,1,3.714285714,3.714285714,3.333333333,10.76,4,3,3.057692,2.884615
36,1,3.714285714,3.714285714,3.333333333,10.76,5,3,3.173077,3.423077
37,1,3.571428571,3.714285714,2.5,9.79,1,1.5,3.230769,2.769231
37,1,3.571428571,3.714285714,2.5,9.79,2,2,2.711538,2.980769
37,1,3.571428571,3.714285714,2.5,9.79,3,2.5,3.25,3
37,1,3.571428571,3.714285714,2.5,9.79,4,5,2.769231,3.538462
37,1,3.571428571,3.714285714,2.5,9.79,5,3.5,3.076923,3.211538
38,1,3.428571429,3,2.833333333,9.26,1,3,2.666667,3.183333
38,1,3.428571429,3,2.833333333,9.26,2,3,2.816667,3.033333
38,1,3.428571429,3,2.833333333,9.26,3,3.5,3.283333,3.433333
38,1,3.428571429,3,2.833333333,9.26,4,4.5,3.166667,2.933333
38,1,3.428571429,3,2.833333333,9.26,5,4,3.05,3.116667
39,1,4.428571429,4.285714286,2.5,11.21,1,3,3.283333,2.9
39,1,4.428571429,4.285714286,2.5,11.21,2,3,2.916667,2.766667
39,1,4.428571429,4.285714286,2.5,11.21,3,3,3.5,3.316667
39,1,4.428571429,4.285714286,2.5,11.21,4,2.5,2.833333,3.033333
39,1,4.428571429,4.285714286,2.5,11.21,5,5,3.166667,3
40,1,4.285714286,2.571428571,1.666666667,8.52,1,2.5,3.316667,3.05
40,1,4.285714286,2.571428571,1.666666667,8.52,2,4,3.116667,3.583333
40,1,4.285714286,2.571428571,1.666666667,8.52,3,3,3.633333,3.616667
40,1,4.285714286,2.571428571,1.666666667,8.52,4,3,3.05,3.466667
40,1,4.285714286,2.571428571,1.666666667,8.52,5,5,3.533333,3.233333
41,1,3.571428571,3.857142857,3.166666667,10.6,1,4,3.616667,3.533333
41,1,3.571428571,3.857142857,3.166666667,10.6,2,4,2.766667,3.016667
41,1,3.571428571,3.857142857,3.166666667,10.6,3,2.5,3.383333,3.35
41,1,3.571428571,3.857142857,3.166666667,10.6,4,2,2.7,2.733333
41,1,3.571428571,3.857142857,3.166666667,10.6,5,3.5,3.15,3.166667
42,2,4.285714286,3.714285714,4.5,12.5,1,3,3.15,2.866667
42,2,4.285714286,3.714285714,4.5,12.5,2,3,3.083333,2.7
42,2,4.285714286,3.714285714,4.5,12.5,3,5,3.233333,2.466667
42,2,4.285714286,3.714285714,4.5,12.5,4,1.5,2.6,2.983333
42,2,4.285714286,3.714285714,4.5,12.5,5,3.5,3.033333,2.55
43,1,4.571428571,3,3.333333333,10.9,1,3,3.083333,2.666667
43,1,4.571428571,3,3.333333333,10.9,2,3.5,3.133333,2.45
43,1,4.571428571,3,3.333333333,10.9,3,2,3.383333,3.233333
43,1,4.571428571,3,3.333333333,10.9,4,5,3.083333,2.983333
43,1,4.571428571,3,3.333333333,10.9,5,5,3.083333,2.916667
44,2,3,2.714285714,2.666666667,8.38,1,1.5,3.366667,3.7
44,2,3,2.714285714,2.666666667,8.38,2,4.5,3.2,3.05
44,2,3,2.714285714,2.666666667,8.38,3,4.5,3.333333,4
44,2,3,2.714285714,2.666666667,8.38,4,4.5,2.866667,2.45
44,2,3,2.714285714,2.666666667,8.38,5,4,2.966667,3.166667
45,1,3.571428571,2.857142857,3.333333333,9.76,1,2.5,3.766667,3.216667
45,1,3.571428571,2.857142857,3.333333333,9.76,2,3.5,3.2,3.066667
45,1,3.571428571,2.857142857,3.333333333,9.76,3,3,3.583333,3.3
45,1,3.571428571,2.857142857,3.333333333,9.76,4,3,2.633333,2.9
45,1,3.571428571,2.857142857,3.333333333,9.76,5,4,3.35,3.116667
46,2,4.714285714,4.571428571,3.833333333,13.12,1,4.5,3.7,3.566667
46,2,4.714285714,4.571428571,3.833333333,13.12,2,2.5,3.316667,2.483333
46,2,4.714285714,4.571428571,3.833333333,13.12,3,2.5,3.35,3.266667
46,2,4.714285714,4.571428571,3.833333333,13.12,4,2.5,2.316667,2.733333
46,2,4.714285714,4.571428571,3.833333333,13.12,5,4.5,3.083333,2.316667
47,1,3,2.857142857,2.833333333,8.69,1,4,3.65,3.5
47,1,3,2.857142857,2.833333333,8.69,2,3,3.15,3.316667
47,1,3,2.857142857,2.833333333,8.69,3,3,3.2,3.45
47,1,3,2.857142857,2.833333333,8.69,4,2,2.85,3.116667
47,1,3,2.857142857,2.833333333,8.69,5,3.5,3.183333,3.533333
48,1,3.714285714,3.714285714,3.5,10.93,1,4.5,3.216667,3.7
48,1,3.714285714,3.714285714,3.5,10.93,2,4.5,3.133333,2.85
48,1,3.714285714,3.714285714,3.5,10.93,3,4,3.316667,3.266667
48,1,3.714285714,3.714285714,3.5,10.93,4,4,2.95,3.116667
48,1,3.714285714,3.714285714,3.5,10.93,5,3,3.366667,3.266667
49,1,4.142857143,3.714285714,3.833333333,11.69,1,4.5,3.783333,3.55
49,1,4.142857143,3.714285714,3.833333333,11.69,2,5,3.35,3.7
49,1,4.142857143,3.714285714,3.833333333,11.69,3,3,3.75,3.466667
49,1,4.142857143,3.714285714,3.833333333,11.69,4,2.5,2.666667,2.5
49,1,4.142857143,3.714285714,3.833333333,11.69,5,4,3.433333,3.7
50,1,3.714285714,2.857142857,3.333333333,9.9,1,2.5,3.35,3.066667
50,1,3.714285714,2.857142857,3.333333333,9.9,2,4.5,3.416667,2.783333
50,1,3.714285714,2.857142857,3.333333333,9.9,3,4.5,3.75,3.383333
50,1,3.714285714,2.857142857,3.333333333,9.9,4,4,2.483333,3.116667
50,1,3.714285714,2.857142857,3.333333333,9.9,5,3,3.416667,3.183333
51,1,4.571428571,4.428571429,4.166666667,13.17,1,3,3.6,3.05
51,1,4.571428571,4.428571429,4.166666667,13.17,2,5,3.166667,3.416667
51,1,4.571428571,4.428571429,4.166666667,13.17,3,4,3.383333,3.383333
51,1,4.571428571,4.428571429,4.166666667,13.17,4,2,2.8,2.8
51,1,4.571428571,4.428571429,4.166666667,13.17,5,4.5,3.233333,3.216667
52,1,4.428571429,4.571428571,4,13,1,3,3.266667,3.233333
52,1,4.428571429,4.571428571,4,13,2,3,3.133333,3.05
52,1,4.428571429,4.571428571,4,13,3,3.5,3.366667,3.183333
52,1,4.428571429,4.571428571,4,13,4,4,2.533333,3.2
52,1,4.428571429,4.571428571,4,13,5,4,3.316667,3.366667
53,1,4,3.714285714,2.833333333,10.55,1,2,3.016667,3.066667
53,1,4,3.714285714,2.833333333,10.55,2,3,2.65,2.9
53,1,4,3.714285714,2.833333333,10.55,3,5,3.183333,3.5
53,1,4,3.714285714,2.833333333,10.55,4,1.5,2.966667,2.816667
53,1,4,3.714285714,2.833333333,10.55,5,3,2.983333,3.083333
54,1,3.714285714,3.285714286,3.5,10.5,1,2.5,2.5,3.95
54,1,3.714285714,3.285714286,3.5,10.5,2,2.5,2.9,3.5
54,1,3.714285714,3.285714286,3.5,10.5,3,3.5,3.3,3.6
54,1,3.714285714,3.285714286,3.5,10.5,4,4.5,3.2,2.483333
54,1,3.714285714,3.285714286,3.5,10.5,5,5,2.95,3.483333
55,1,4,3.571428571,3,10.57,1,4.5,3.233333,3.016667
55,1,4,3.571428571,3,10.57,2,2,3.316667,3.416667
55,1,4,3.571428571,3,10.57,3,5,3.483333,3.45
55,1,4,3.571428571,3,10.57,4,2.5,2.666667,2.866667
55,1,4,3.571428571,3,10.57,5,5,3.516667,3.383333
56,1,2.142857143,3.142857143,3.166666667,8.45,1,2,2.783333,3.233333
56,1,2.142857143,3.142857143,3.166666667,8.45,2,3.5,3.033333,3.366667
56,1,2.142857143,3.142857143,3.166666667,8.45,3,4,3.433333,3.266667
56,1,2.142857143,3.142857143,3.166666667,8.45,4,5,3.166667,2.816667
56,1,2.142857143,3.142857143,3.166666667,8.45,5,5,3.25,3.416667
57,1,4,3.714285714,4.166666667,11.88,1,5,3.666667,3.683333
57,1,4,3.714285714,4.166666667,11.88,2,4.5,3.4,3.033333
57,1,4,3.714285714,4.166666667,11.88,3,3.5,3.35,2.916667
57,1,4,3.714285714,4.166666667,11.88,4,3.5,2.533333,3.05
57,1,4,3.714285714,4.166666667,11.88,5,4.5,3.383333,2.966667
58,1,3.714285714,3.142857143,3,9.86,1,4.5,3.2,3.383333
58,1,3.714285714,3.142857143,3,9.86,2,2.5,3.25,2.85
58,1,3.714285714,3.142857143,3,9.86,3,4,3.516667,2.7
58,1,3.714285714,3.142857143,3,9.86,4,3.5,2.6,3.283333
58,1,3.714285714,3.142857143,3,9.86,5,2,3.283333,2.933333
59,1,4.428571429,4.142857143,3.833333333,12.4,1,2.5,2.783333,2.75
59,1,4.428571429,4.142857143,3.833333333,12.4,2,4,3.016667,3.35
59,1,4.428571429,4.142857143,3.833333333,12.4,3,2.5,3.3,2.916667
59,1,4.428571429,4.142857143,3.833333333,12.4,4,2,3.083333,2.966667
59,1,4.428571429,4.142857143,3.833333333,12.4,5,3,2.9,3.233333
60,2,3.571428571,3.571428571,2.666666667,9.81,1,3.5,3.166667,3.65
60,2,3.571428571,3.571428571,2.666666667,9.81,2,3.5,3.133333,3.216667
60,2,3.571428571,3.571428571,2.666666667,9.81,3,4.5,3.383333,3.566667
60,2,3.571428571,3.571428571,2.666666667,9.81,4,2,2.8,2.716667
60,2,3.571428571,3.571428571,2.666666667,9.81,5,5,2.983333,3.333333
61,1,3.857142857,3.142857143,3.166666667,10.17,1,3,3.116667,2.883333
61,1,3.857142857,3.142857143,3.166666667,10.17,2,3.5,3.416667,3.35
61,1,3.857142857,3.142857143,3.166666667,10.17,3,3,3.266667,3.266667
61,1,3.857142857,3.142857143,3.166666667,10.17,4,2.5,2.883333,3.216667
61,1,3.857142857,3.142857143,3.166666667,10.17,5,5,3.266667,3.166667
62,2,5,4.428571429,4.833333333,14.26,1,5,3.616667,3.333333
62,2,5,4.428571429,4.833333333,14.26,2,4,3.05,3.3
62,2,5,4.428571429,4.833333333,14.26,3,3,3.266667,3.633333
62,2,5,4.428571429,4.833333333,14.26,4,2,2.333333,2.566667
62,2,5,4.428571429,4.833333333,14.26,5,2.5,2.716667,3.433333
63,2,4,3.571428571,3.166666667,10.74,1,3,3.266667,3.066667
63,2,4,3.571428571,3.166666667,10.74,2,3,3.15,3.216667
63,2,4,3.571428571,3.166666667,10.74,3,2.5,3.416667,2.583333
63,2,4,3.571428571,3.166666667,10.74,4,3,2.566667,2.983333
63,2,4,3.571428571,3.166666667,10.74,5,3.5,3.166667,3.233333
64,2,4.142857143,3.428571429,3,10.57,1,2.5,3.383333,2.85
64,2,4.142857143,3.428571429,3,10.57,2,5,3.25,2.7
64,2,4.142857143,3.428571429,3,10.57,3,3.5,3.533333,2.7
64,2,4.142857143,3.428571429,3,10.57,4,2.5,2.7,3.083333
64,2,4.142857143,3.428571429,3,10.57,5,4,3.116667,3.083333
65,2,4,4,3.666666667,11.67,1,4.5,2.733333,3.216667
65,2,4,4,3.666666667,11.67,2,4.5,3.016667,3.383333
65,2,4,4,3.666666667,11.67,3,3.5,2.966667,3.15
65,2,4,4,3.666666667,11.67,4,1.5,3,2.733333
65,2,4,4,3.666666667,11.67,5,3,2.616667,2.9
66,2,3.714285714,2,3.166666667,8.88,1,1,3.8,3.383333
66,2,3.714285714,2,3.166666667,8.88,2,3,3.5,2.7
66,2,3.714285714,2,3.166666667,8.88,3,4.5,3.566667,2.65
66,2,3.714285714,2,3.166666667,8.88,4,4.5,2.333333,3.433333
66,2,3.714285714,2,3.166666667,8.88,5,4,3.3,2.7
67,2,3.428571429,3,3.166666667,9.6,1,2.5,3.533333,3.266667
67,2,3.428571429,3,3.166666667,9.6,2,3.5,2.95,2.55
67,2,3.428571429,3,3.166666667,9.6,3,3.5,3.2,2.85
67,2,3.428571429,3,3.166666667,9.6,4,4,2.55,2.716667
67,2,3.428571429,3,3.166666667,9.6,5,4,3.083333,2.666667
68,2,3.857142857,2.333333333,2.5,8.69,1,2.5,3.316667,3.483333
68,2,3.857142857,2.333333333,2.5,8.69,2,3.5,2.983333,2.966667
68,2,3.857142857,2.333333333,2.5,8.69,3,3.5,3.4,2.983333
68,2,3.857142857,2.333333333,2.5,8.69,4,4,2.516667,2.8
68,2,3.857142857,2.333333333,2.5,8.69,5,4,3.266667,3.133333
69,2,3.428571429,3.142857143,3.166666667,9.74,1,2.5,3.35,3.3
69,2,3.428571429,3.142857143,3.166666667,9.74,2,3.5,3.183333,3.183333
69,2,3.428571429,3.142857143,3.166666667,9.74,3,2,3.116667,2.983333
69,2,3.428571429,3.142857143,3.166666667,9.74,4,2,2.716667,2.566667
69,2,3.428571429,3.142857143,3.166666667,9.74,5,4.5,3.05,3.033333
70,2,3.857142857,4.285714286,3.666666667,11.81,1,1.5,2.7,2.2
70,2,3.857142857,4.285714286,3.666666667,11.81,2,3.5,2.766667,2.916667
70,2,3.857142857,4.285714286,3.666666667,11.81,3,3,2.983333,2.516667
70,2,3.857142857,4.285714286,3.666666667,11.81,4,3,2.9,3.35
70,2,3.857142857,4.285714286,3.666666667,11.81,5,4.5,2.6,2.733333
71,2,2.857142857,2.285714286,2.333333333,7.48,1,3,3.116667,3.466667
71,2,2.857142857,2.285714286,2.333333333,7.48,2,3.5,3.05,2.416667
71,2,2.857142857,2.285714286,2.333333333,7.48,3,2.5,3.116667,3
71,2,2.857142857,2.285714286,2.333333333,7.48,4,4.5,2.8,2.566667
71,2,2.857142857,2.285714286,2.333333333,7.48,5,3,3.083333,2.55
72,2,3.571428571,4,3.833333333,11.4,1,4.5,3.3,3.083333
72,2,3.571428571,4,3.833333333,11.4,2,3.5,3.233333,2.7
72,2,3.571428571,4,3.833333333,11.4,3,5,3.3,2.85
72,2,3.571428571,4,3.833333333,11.4,4,2.5,2.916667,2.966667
72,2,3.571428571,4,3.833333333,11.4,5,4,3.35,3.016667
73,2,4,3.285714286,2.5,9.79,1,4,3.266667,3.416667
73,2,4,3.285714286,2.5,9.79,2,2,3.3,3.1
73,2,4,3.285714286,2.5,9.79,3,2.5,3.283333,3.133333
73,2,4,3.285714286,2.5,9.79,4,5,2.533333,2.583333
73,2,4,3.285714286,2.5,9.79,5,2.5,3.033333,2.9
74,2,1.714285714,2.428571429,2.333333333,6.48,1,3,3.583333,2.9
74,2,1.714285714,2.428571429,2.333333333,6.48,2,3.5,3.066667,3.016667
74,2,1.714285714,2.428571429,2.333333333,6.48,3,3,3.2,3.2
74,2,1.714285714,2.428571429,2.333333333,6.48,4,4,2.233333,2.75
74,2,1.714285714,2.428571429,2.333333333,6.48,5,4,2.766667,3.216667
75,2,3.285714286,3.571428571,2.833333333,9.69,1,2.5,2.9,2.516667
75,2,3.285714286,3.571428571,2.833333333,9.69,2,3.5,2.983333,2.566667
75,2,3.285714286,3.571428571,2.833333333,9.69,3,3.5,3.133333,2.9
75,2,3.285714286,3.571428571,2.833333333,9.69,4,5,2.85,3.5
75,2,3.285714286,3.571428571,2.833333333,9.69,5,3,2.866667,2.966667
76,2,3.142857143,3,2,8.14,1,4.5,3.1,2.316667
76,2,3.142857143,3,2,8.14,2,3.5,2.933333,2.8
76,2,3.142857143,3,2,8.14,3,3,3.233333,2.9
76,2,3.142857143,3,2,8.14,4,3,2.816667,3.883333
76,2,3.142857143,3,2,8.14,5,4.5,2.883333,2.9
77,2,4.285714286,2.857142857,3.666666667,10.81,1,4,3.383333,3.283333
77,2,4.285714286,2.857142857,3.666666667,10.81,2,3.5,2.983333,2.566667
77,2,4.285714286,2.857142857,3.666666667,10.81,3,3.5,3.216667,2.85
77,2,4.285714286,2.857142857,3.666666667,10.81,4,5,2.583333,3.016667
77,2,4.285714286,2.857142857,3.666666667,10.81,5,4.5,2.983333,2.633333
